<?xml version="1.0" encoding="UTF-8"?>
<deploy
 date="2022.08.05.00:13:53"
 outputDirectory="C:/Users/dipal.halder/Desktop/sahara/NoC_paper/Designs/ip/design1/design1_spi_0/">
 <perimeter>
  <parameter
     name="AUTO_GENERATION_ID"
     type="Integer"
     defaultValue="0"
     onHdl="0"
     affectsHdl="1" />
  <parameter
     name="AUTO_UNIQUE_ID"
     type="String"
     defaultValue=""
     onHdl="0"
     affectsHdl="1" />
  <parameter
     name="AUTO_DEVICE_FAMILY"
     type="String"
     defaultValue="Agilex"
     onHdl="0"
     affectsHdl="1" />
  <parameter
     name="AUTO_DEVICE"
     type="String"
     defaultValue="AGFA012R24A2E2V"
     onHdl="0"
     affectsHdl="1" />
  <parameter
     name="AUTO_DEVICE_SPEEDGRADE"
     type="String"
     defaultValue="2"
     onHdl="0"
     affectsHdl="1" />
  <parameter
     name="AUTO_CLK_CLOCK_RATE"
     type="Long"
     defaultValue="-1"
     onHdl="0"
     affectsHdl="1" />
  <parameter
     name="AUTO_CLK_CLOCK_DOMAIN"
     type="Integer"
     defaultValue="-1"
     onHdl="0"
     affectsHdl="1" />
  <parameter
     name="AUTO_CLK_RESET_DOMAIN"
     type="Integer"
     defaultValue="-1"
     onHdl="0"
     affectsHdl="1" />
  <interface name="clk" kind="clock" start="0">
   <property name="clockRate" value="0" />
   <property name="externallyDriven" value="false" />
   <property name="ptfSchematicName" value="" />
   <port name="clk" direction="input" role="clk" width="1" />
  </interface>
  <interface name="reset" kind="reset" start="0">
   <property name="associatedClock" value="clk" />
   <property name="synchronousEdges" value="DEASSERT" />
   <port name="reset_n" direction="input" role="reset_n" width="1" />
  </interface>
  <interface name="spi_control_port" kind="avalon" start="0">
   <property name="addressAlignment" value="NATIVE" />
   <property name="addressGroup" value="0" />
   <property name="addressSpan" value="8" />
   <property name="addressUnits" value="WORDS" />
   <property name="alwaysBurstMaxBurst" value="false" />
   <property name="associatedClock" value="clk" />
   <property name="associatedReset" value="reset" />
   <property name="bitsPerSymbol" value="8" />
   <property name="bridgedAddressOffset" value="0" />
   <property name="bridgesToMaster" value="" />
   <property name="burstOnBurstBoundariesOnly" value="false" />
   <property name="burstcountUnits" value="WORDS" />
   <property name="constantBurstBehavior" value="false" />
   <property name="explicitAddressSpan" value="0" />
   <property name="holdTime" value="0" />
   <property name="interleaveBursts" value="false" />
   <property name="isBigEndian" value="false" />
   <property name="isFlash" value="false" />
   <property name="isMemoryDevice" value="false" />
   <property name="isNonVolatileStorage" value="false" />
   <property name="linewrapBursts" value="false" />
   <property name="maximumPendingReadTransactions" value="0" />
   <property name="maximumPendingWriteTransactions" value="0" />
   <property name="minimumReadLatency" value="1" />
   <property name="minimumResponseLatency" value="1" />
   <property name="minimumUninterruptedRunLength" value="1" />
   <property name="prSafe" value="false" />
   <property name="printableDevice" value="false" />
   <property name="readLatency" value="0" />
   <property name="readWaitStates" value="1" />
   <property name="readWaitTime" value="1" />
   <property name="registerIncomingSignals" value="false" />
   <property name="registerOutgoingSignals" value="false" />
   <property name="setupTime" value="0" />
   <property name="timingUnits" value="Cycles" />
   <property name="transparentBridge" value="false" />
   <property name="waitrequestAllowance" value="0" />
   <property name="wellBehavedWaitrequest" value="false" />
   <property name="writeLatency" value="0" />
   <property name="writeWaitStates" value="1" />
   <property name="writeWaitTime" value="1" />
   <port name="data_from_cpu" direction="input" role="writedata" width="16" />
   <port name="data_to_cpu" direction="output" role="readdata" width="16" />
   <port name="mem_addr" direction="input" role="address" width="3" />
   <port name="read_n" direction="input" role="read_n" width="1" />
   <port name="spi_select" direction="input" role="chipselect" width="1" />
   <port name="write_n" direction="input" role="write_n" width="1" />
  </interface>
  <interface name="irq" kind="interrupt" start="0">
   <property
       name="associatedAddressablePoint"
       value="design1_spi_0.spi_control_port" />
   <property name="associatedClock" value="clk" />
   <property name="associatedReset" value="reset" />
   <property name="bridgedReceiverOffset" value="0" />
   <property name="bridgesToReceiver" value="" />
   <property name="irqScheme" value="NONE" />
   <port name="irq" direction="output" role="irq" width="1" />
  </interface>
  <interface name="external" kind="conduit" start="0">
   <property name="associatedClock" value="" />
   <property name="associatedReset" value="" />
   <property name="prSafe" value="false" />
   <port name="MISO" direction="input" role="MISO" width="1" />
   <port name="MOSI" direction="output" role="MOSI" width="1" />
   <port name="SCLK" direction="output" role="SCLK" width="1" />
   <port name="SS_n" direction="output" role="SS_n" width="1" />
  </interface>
 </perimeter>
 <entity kind="design1_spi_0" version="1.0" name="design1_spi_0">
  <parameter name="AUTO_CLK_CLOCK_RATE" value="-1" />
  <parameter name="AUTO_GENERATION_ID" value="0" />
  <parameter name="AUTO_DEVICE" value="AGFA012R24A2E2V" />
  <parameter name="AUTO_DEVICE_FAMILY" value="Agilex" />
  <parameter name="AUTO_CLK_RESET_DOMAIN" value="-1" />
  <parameter name="AUTO_CLK_CLOCK_DOMAIN" value="-1" />
  <parameter name="AUTO_UNIQUE_ID" value="" />
  <parameter name="AUTO_DEVICE_SPEEDGRADE" value="2" />
  <generatedFiles>
   <file
       path="C:\Users\dipal.halder\Desktop\sahara\NoC_paper\Designs\ip\design1\design1_spi_0\synth\design1_spi_0.v"
       attributes="CONTAINS_INLINE_CONFIGURATION" />
  </generatedFiles>
  <childGeneratedFiles>
   <file
       path="C:\Users\dipal.halder\Desktop\sahara\NoC_paper\Designs\ip\design1\design1_spi_0\synth\design1_spi_0.v"
       attributes="CONTAINS_INLINE_CONFIGURATION" />
  </childGeneratedFiles>
  <sourceFiles>
   <file
       path="C:/Users/dipal.halder/Desktop/sahara/NoC_paper/Designs/ip/design1/design1_spi_0.ip" />
  </sourceFiles>
  <childSourceFiles>
   <file
       path="C:/intelfpga_pro/21.3/ip/altera/sopc_builder_ip/altera_avalon_spi/altera_avalon_spi_hw.tcl" />
  </childSourceFiles>
  <messages>
   <message level="Info" culprit="design1_spi_0">"Generating: design1_spi_0"</message>
   <message level="Info" culprit="design1_spi_0">"Generating: design1_spi_0_altera_avalon_spi_1911_smwmwha"</message>
   <message level="Info" culprit="spi_0">Starting RTL generation for module 'design1_spi_0_altera_avalon_spi_1911_smwmwha'</message>
   <message level="Info" culprit="spi_0">  Generation command is [exec C:/intelfpga_pro/21.3/quartus/bin64/perl/bin/perl.exe -I C:/intelfpga_pro/21.3/quartus/bin64/perl/lib -I C:/intelfpga_pro/21.3/quartus/sopc_builder/bin/europa -I C:/intelfpga_pro/21.3/quartus/sopc_builder/bin/perl_lib -I C:/intelfpga_pro/21.3/quartus/sopc_builder/bin -I C:/intelfpga_pro/21.3/quartus/../ip/altera/sopc_builder_ip/common -I C:/intelfpga_pro/21.3/quartus/../ip/altera/sopc_builder_ip/altera_avalon_spi -- C:/intelfpga_pro/21.3/quartus/../ip/altera/sopc_builder_ip/altera_avalon_spi/generate_rtl.pl --name=design1_spi_0_altera_avalon_spi_1911_smwmwha --dir=C:/Users/DIPAL~1.HAL/AppData/Local/Temp/alt9209_7497724104686679374.dir/0002_spi_0_gen/ --quartus_dir=C:/intelfpga_pro/21.3/quartus --verilog --config=C:/Users/DIPAL~1.HAL/AppData/Local/Temp/alt9209_7497724104686679374.dir/0002_spi_0_gen//design1_spi_0_altera_avalon_spi_1911_smwmwha_component_configuration.pl  --do_build_sim=0  ]</message>
   <message level="Info" culprit="spi_0">Done RTL generation for module 'design1_spi_0_altera_avalon_spi_1911_smwmwha'</message>
  </messages>
 </entity>
 <entity
   kind="altera_avalon_spi"
   version="19.1.1"
   name="design1_spi_0_altera_avalon_spi_1911_smwmwha">
  <parameter name="legacySignalsAllow" value="false" />
  <parameter name="insertSync" value="false" />
  <parameter name="targetClockRate" value="128000" />
  <parameter name="disableAvalonFlowControl" value="false" />
  <parameter name="avalonSpec" value="2.0" />
  <parameter name="clockPolarity" value="0" />
  <parameter name="insertDelayBetweenSlaveSelectAndSClk" value="false" />
  <parameter name="actualClockRate" value="127551.0" />
  <parameter name="clockPhase" value="0" />
  <parameter name="masterSPI" value="true" />
  <parameter name="slaveDataBusWidth" value="16" />
  <parameter name="numberOfSlaves" value="1" />
  <parameter name="syncRegDepth" value="2" />
  <parameter name="actualSlaveSelectToSClkDelay" value="0.0" />
  <parameter name="inputClockRate" value="50000000" />
  <parameter name="dataWidth" value="8" />
  <parameter name="targetSlaveSelectToSClkDelay" value="0.0" />
  <parameter name="lsbOrderedFirst" value="false" />
  <generatedFiles>
   <file
       path="C:\Users\dipal.halder\Desktop\sahara\NoC_paper\Designs\ip\design1\design1_spi_0\altera_avalon_spi_1911\synth\design1_spi_0_altera_avalon_spi_1911_smwmwha.v"
       attributes="" />
  </generatedFiles>
  <childGeneratedFiles>
   <file
       path="C:\Users\dipal.halder\Desktop\sahara\NoC_paper\Designs\ip\design1\design1_spi_0\altera_avalon_spi_1911\synth\design1_spi_0_altera_avalon_spi_1911_smwmwha.v"
       attributes="" />
  </childGeneratedFiles>
  <sourceFiles>
   <file
       path="C:/intelfpga_pro/21.3/ip/altera/sopc_builder_ip/altera_avalon_spi/altera_avalon_spi_hw.tcl" />
  </sourceFiles>
  <childSourceFiles/>
  <instantiator instantiator="design1_spi_0" as="spi_0" />
  <messages>
   <message level="Info" culprit="design1_spi_0">"Generating: design1_spi_0_altera_avalon_spi_1911_smwmwha"</message>
   <message level="Info" culprit="spi_0">Starting RTL generation for module 'design1_spi_0_altera_avalon_spi_1911_smwmwha'</message>
   <message level="Info" culprit="spi_0">  Generation command is [exec C:/intelfpga_pro/21.3/quartus/bin64/perl/bin/perl.exe -I C:/intelfpga_pro/21.3/quartus/bin64/perl/lib -I C:/intelfpga_pro/21.3/quartus/sopc_builder/bin/europa -I C:/intelfpga_pro/21.3/quartus/sopc_builder/bin/perl_lib -I C:/intelfpga_pro/21.3/quartus/sopc_builder/bin -I C:/intelfpga_pro/21.3/quartus/../ip/altera/sopc_builder_ip/common -I C:/intelfpga_pro/21.3/quartus/../ip/altera/sopc_builder_ip/altera_avalon_spi -- C:/intelfpga_pro/21.3/quartus/../ip/altera/sopc_builder_ip/altera_avalon_spi/generate_rtl.pl --name=design1_spi_0_altera_avalon_spi_1911_smwmwha --dir=C:/Users/DIPAL~1.HAL/AppData/Local/Temp/alt9209_7497724104686679374.dir/0002_spi_0_gen/ --quartus_dir=C:/intelfpga_pro/21.3/quartus --verilog --config=C:/Users/DIPAL~1.HAL/AppData/Local/Temp/alt9209_7497724104686679374.dir/0002_spi_0_gen//design1_spi_0_altera_avalon_spi_1911_smwmwha_component_configuration.pl  --do_build_sim=0  ]</message>
   <message level="Info" culprit="spi_0">Done RTL generation for module 'design1_spi_0_altera_avalon_spi_1911_smwmwha'</message>
  </messages>
 </entity>
</deploy>
