# system info design1_spi_0 on 2022.08.21.20:35:18
system_info:
name,value
DEVICE,AGFA012R24A2E2V
DEVICE_FAMILY,Agilex
GENERATION_ID,0
#
#
# Files generated for design1_spi_0 on 2022.08.21.20:35:18
files:
filepath,kind,attributes,module,is_top
sim/design1_spi_0.v,VERILOG,CONTAINS_INLINE_CONFIGURATION,design1_spi_0,true
altera_avalon_spi_1911/sim/design1_spi_0_altera_avalon_spi_1911_smwmwha.v,VERILOG,,design1_spi_0_altera_avalon_spi_1911_smwmwha,false
#
# Map from instance-path to kind of module
instances:
instancePath,module
design1_spi_0.spi_0,design1_spi_0_altera_avalon_spi_1911_smwmwha
