<?xml version="1.0" encoding="UTF-8"?>
<deploy
 date="2022.08.05.00:13:51"
 outputDirectory="C:/Users/dipal.halder/Desktop/sahara/NoC_paper/Designs/ip/design1/design1_dma_0/">
 <perimeter>
  <parameter
     name="AUTO_GENERATION_ID"
     type="Integer"
     defaultValue="0"
     onHdl="0"
     affectsHdl="1" />
  <parameter
     name="AUTO_UNIQUE_ID"
     type="String"
     defaultValue=""
     onHdl="0"
     affectsHdl="1" />
  <parameter
     name="AUTO_DEVICE_FAMILY"
     type="String"
     defaultValue="Agilex"
     onHdl="0"
     affectsHdl="1" />
  <parameter
     name="AUTO_DEVICE"
     type="String"
     defaultValue="AGFA012R24A2E2V"
     onHdl="0"
     affectsHdl="1" />
  <parameter
     name="AUTO_DEVICE_SPEEDGRADE"
     type="String"
     defaultValue="2"
     onHdl="0"
     affectsHdl="1" />
  <parameter
     name="AUTO_CLK_CLOCK_RATE"
     type="Long"
     defaultValue="-1"
     onHdl="0"
     affectsHdl="1" />
  <parameter
     name="AUTO_CLK_CLOCK_DOMAIN"
     type="Integer"
     defaultValue="-1"
     onHdl="0"
     affectsHdl="1" />
  <parameter
     name="AUTO_CLK_RESET_DOMAIN"
     type="Integer"
     defaultValue="-1"
     onHdl="0"
     affectsHdl="1" />
  <parameter
     name="AUTO_READ_MASTER_ADDRESS_MAP"
     type="AddressMap"
     defaultValue=""
     onHdl="0"
     affectsHdl="1" />
  <parameter
     name="AUTO_READ_MASTER_ADDRESS_WIDTH"
     type="AddressWidthType"
     defaultValue="-1"
     onHdl="0"
     affectsHdl="1" />
  <parameter
     name="AUTO_WRITE_MASTER_ADDRESS_MAP"
     type="AddressMap"
     defaultValue=""
     onHdl="0"
     affectsHdl="1" />
  <parameter
     name="AUTO_WRITE_MASTER_ADDRESS_WIDTH"
     type="AddressWidthType"
     defaultValue="-1"
     onHdl="0"
     affectsHdl="1" />
  <interface name="clk" kind="clock" start="0">
   <property name="clockRate" value="0" />
   <property name="externallyDriven" value="false" />
   <property name="ptfSchematicName" value="" />
   <port name="clk" direction="input" role="clk" width="1" />
  </interface>
  <interface name="reset" kind="reset" start="0">
   <property name="associatedClock" value="clk" />
   <property name="synchronousEdges" value="DEASSERT" />
   <port name="system_reset_n" direction="input" role="reset_n" width="1" />
  </interface>
  <interface name="control_port_slave" kind="avalon" start="0">
   <property name="addressAlignment" value="NATIVE" />
   <property name="addressGroup" value="0" />
   <property name="addressSpan" value="8" />
   <property name="addressUnits" value="WORDS" />
   <property name="alwaysBurstMaxBurst" value="false" />
   <property name="associatedClock" value="clk" />
   <property name="associatedReset" value="reset" />
   <property name="bitsPerSymbol" value="8" />
   <property name="bridgedAddressOffset" value="0" />
   <property name="bridgesToMaster" value="" />
   <property name="burstOnBurstBoundariesOnly" value="false" />
   <property name="burstcountUnits" value="WORDS" />
   <property name="constantBurstBehavior" value="false" />
   <property name="explicitAddressSpan" value="0" />
   <property name="holdTime" value="0" />
   <property name="interleaveBursts" value="false" />
   <property name="isBigEndian" value="false" />
   <property name="isFlash" value="false" />
   <property name="isMemoryDevice" value="false" />
   <property name="isNonVolatileStorage" value="false" />
   <property name="linewrapBursts" value="false" />
   <property name="maximumPendingReadTransactions" value="0" />
   <property name="maximumPendingWriteTransactions" value="0" />
   <property name="minimumReadLatency" value="1" />
   <property name="minimumResponseLatency" value="1" />
   <property name="minimumUninterruptedRunLength" value="1" />
   <property name="prSafe" value="false" />
   <property name="printableDevice" value="false" />
   <property name="readLatency" value="0" />
   <property name="readWaitStates" value="1" />
   <property name="readWaitTime" value="1" />
   <property name="registerIncomingSignals" value="false" />
   <property name="registerOutgoingSignals" value="false" />
   <property name="setupTime" value="0" />
   <property name="timingUnits" value="Cycles" />
   <property name="transparentBridge" value="false" />
   <property name="waitrequestAllowance" value="0" />
   <property name="wellBehavedWaitrequest" value="false" />
   <property name="writeLatency" value="0" />
   <property name="writeWaitStates" value="1" />
   <property name="writeWaitTime" value="1" />
   <port name="dma_ctl_address" direction="input" role="address" width="3" />
   <port
       name="dma_ctl_chipselect"
       direction="input"
       role="chipselect"
       width="1" />
   <port name="dma_ctl_readdata" direction="output" role="readdata" width="25" />
   <port name="dma_ctl_write_n" direction="input" role="write_n" width="1" />
   <port
       name="dma_ctl_writedata"
       direction="input"
       role="writedata"
       width="25" />
  </interface>
  <interface name="irq" kind="interrupt" start="0">
   <property
       name="associatedAddressablePoint"
       value="design1_dma_0.control_port_slave" />
   <property name="associatedClock" value="clk" />
   <property name="associatedReset" value="reset" />
   <property name="bridgedReceiverOffset" value="0" />
   <property name="bridgesToReceiver" value="" />
   <property name="irqScheme" value="NONE" />
   <port name="dma_ctl_irq" direction="output" role="irq" width="1" />
  </interface>
  <interface name="read_master" kind="avalon" start="1">
   <property name="adaptsTo" value="" />
   <property name="addressGroup" value="0" />
   <property name="addressUnits" value="SYMBOLS" />
   <property name="alwaysBurstMaxBurst" value="false" />
   <property name="associatedClock" value="clk" />
   <property name="associatedReset" value="reset" />
   <property name="bitsPerSymbol" value="8" />
   <property name="burstOnBurstBoundariesOnly" value="false" />
   <property name="burstcountUnits" value="WORDS" />
   <property name="constantBurstBehavior" value="false" />
   <property name="dBSBigEndian" value="false" />
   <property name="doStreamReads" value="true" />
   <property name="doStreamWrites" value="false" />
   <property name="holdTime" value="0" />
   <property name="interleaveBursts" value="false" />
   <property name="isAsynchronous" value="false" />
   <property name="isBigEndian" value="false" />
   <property name="isReadable" value="true" />
   <property name="isWriteable" value="false" />
   <property name="linewrapBursts" value="false" />
   <property name="maxAddressWidth" value="32" />
   <property name="maximumPendingReadTransactions" value="0" />
   <property name="maximumPendingWriteTransactions" value="0" />
   <property name="minimumReadLatency" value="1" />
   <property name="minimumResponseLatency" value="1" />
   <property name="prSafe" value="false" />
   <property name="readLatency" value="0" />
   <property name="readWaitTime" value="1" />
   <property name="registerIncomingSignals" value="false" />
   <property name="registerOutgoingSignals" value="false" />
   <property name="setupTime" value="0" />
   <property name="timingUnits" value="Cycles" />
   <property name="waitrequestAllowance" value="0" />
   <property name="writeWaitTime" value="0" />
   <port name="read_address" direction="output" role="address" width="25" />
   <port name="read_chipselect" direction="output" role="chipselect" width="1" />
   <port name="read_read_n" direction="output" role="read_n" width="1" />
   <port name="read_readdata" direction="input" role="readdata" width="32" />
   <port
       name="read_readdatavalid"
       direction="input"
       role="readdatavalid"
       width="1" />
   <port
       name="read_waitrequest"
       direction="input"
       role="waitrequest"
       width="1" />
  </interface>
  <interface name="write_master" kind="avalon" start="1">
   <property name="adaptsTo" value="" />
   <property name="addressGroup" value="0" />
   <property name="addressUnits" value="SYMBOLS" />
   <property name="alwaysBurstMaxBurst" value="false" />
   <property name="associatedClock" value="clk" />
   <property name="associatedReset" value="reset" />
   <property name="bitsPerSymbol" value="8" />
   <property name="burstOnBurstBoundariesOnly" value="false" />
   <property name="burstcountUnits" value="WORDS" />
   <property name="constantBurstBehavior" value="false" />
   <property name="dBSBigEndian" value="false" />
   <property name="doStreamReads" value="false" />
   <property name="doStreamWrites" value="true" />
   <property name="holdTime" value="0" />
   <property name="interleaveBursts" value="false" />
   <property name="isAsynchronous" value="false" />
   <property name="isBigEndian" value="false" />
   <property name="isReadable" value="false" />
   <property name="isWriteable" value="true" />
   <property name="linewrapBursts" value="false" />
   <property name="maxAddressWidth" value="32" />
   <property name="maximumPendingReadTransactions" value="0" />
   <property name="maximumPendingWriteTransactions" value="0" />
   <property name="minimumReadLatency" value="1" />
   <property name="minimumResponseLatency" value="1" />
   <property name="prSafe" value="false" />
   <property name="readLatency" value="0" />
   <property name="readWaitTime" value="1" />
   <property name="registerIncomingSignals" value="false" />
   <property name="registerOutgoingSignals" value="false" />
   <property name="setupTime" value="0" />
   <property name="timingUnits" value="Cycles" />
   <property name="waitrequestAllowance" value="0" />
   <property name="writeWaitTime" value="0" />
   <port name="write_address" direction="output" role="address" width="25" />
   <port
       name="write_chipselect"
       direction="output"
       role="chipselect"
       width="1" />
   <port
       name="write_waitrequest"
       direction="input"
       role="waitrequest"
       width="1" />
   <port name="write_write_n" direction="output" role="write_n" width="1" />
   <port name="write_writedata" direction="output" role="writedata" width="32" />
   <port
       name="write_byteenable"
       direction="output"
       role="byteenable"
       width="4" />
  </interface>
 </perimeter>
 <entity kind="design1_dma_0" version="1.0" name="design1_dma_0">
  <parameter name="AUTO_CLK_CLOCK_RATE" value="-1" />
  <parameter name="AUTO_WRITE_MASTER_ADDRESS_MAP" value="" />
  <parameter name="AUTO_GENERATION_ID" value="0" />
  <parameter name="AUTO_DEVICE" value="AGFA012R24A2E2V" />
  <parameter name="AUTO_DEVICE_FAMILY" value="Agilex" />
  <parameter name="AUTO_READ_MASTER_ADDRESS_MAP" value="" />
  <parameter name="AUTO_CLK_RESET_DOMAIN" value="-1" />
  <parameter name="AUTO_READ_MASTER_ADDRESS_WIDTH" value="-1" />
  <parameter name="AUTO_CLK_CLOCK_DOMAIN" value="-1" />
  <parameter name="AUTO_UNIQUE_ID" value="" />
  <parameter name="AUTO_WRITE_MASTER_ADDRESS_WIDTH" value="-1" />
  <parameter name="AUTO_DEVICE_SPEEDGRADE" value="2" />
  <generatedFiles>
   <file
       path="C:\Users\dipal.halder\Desktop\sahara\NoC_paper\Designs\ip\design1\design1_dma_0\synth\design1_dma_0.v"
       attributes="CONTAINS_INLINE_CONFIGURATION" />
  </generatedFiles>
  <childGeneratedFiles>
   <file
       path="C:\Users\dipal.halder\Desktop\sahara\NoC_paper\Designs\ip\design1\design1_dma_0\synth\design1_dma_0.v"
       attributes="CONTAINS_INLINE_CONFIGURATION" />
  </childGeneratedFiles>
  <sourceFiles>
   <file
       path="C:/Users/dipal.halder/Desktop/sahara/NoC_paper/Designs/ip/design1/design1_dma_0.ip" />
  </sourceFiles>
  <childSourceFiles>
   <file
       path="C:/intelfpga_pro/21.3/ip/altera/sopc_builder_ip/altera_avalon_dma/altera_avalon_dma_hw.tcl" />
  </childSourceFiles>
  <messages>
   <message level="Info" culprit="design1_dma_0">"Generating: design1_dma_0"</message>
   <message level="Info" culprit="design1_dma_0">"Generating: design1_dma_0_altera_avalon_dma_1910_urtdw3y"</message>
   <message level="Info" culprit="dma_0">softresetEnable = 1</message>
   <message level="Info" culprit="dma_0">Starting RTL generation for module 'design1_dma_0_altera_avalon_dma_1910_urtdw3y'</message>
   <message level="Info" culprit="dma_0">  Generation command is [exec C:/intelfpga_pro/21.3/quartus/bin64//perl/bin/perl.exe -I C:/intelfpga_pro/21.3/quartus/bin64//perl/lib -I C:/intelfpga_pro/21.3/quartus/sopc_builder/bin/europa -I C:/intelfpga_pro/21.3/quartus/sopc_builder/bin/perl_lib -I C:/intelfpga_pro/21.3/quartus/sopc_builder/bin -I C:/intelfpga_pro/21.3/quartus/../ip/altera/sopc_builder_ip/common -I C:/intelfpga_pro/21.3/quartus/../ip/altera/sopc_builder_ip/altera_avalon_dma -- C:/intelfpga_pro/21.3/quartus/../ip/altera/sopc_builder_ip/altera_avalon_dma/generate_rtl.pl --name=design1_dma_0_altera_avalon_dma_1910_urtdw3y --dir=C:/Users/DIPAL~1.HAL/AppData/Local/Temp/alt9209_6703763945193571135.dir/0001_dma_0_gen/ --quartus_dir=C:/intelfpga_pro/21.3/quartus --verilog --config=C:/Users/DIPAL~1.HAL/AppData/Local/Temp/alt9209_6703763945193571135.dir/0001_dma_0_gen//design1_dma_0_altera_avalon_dma_1910_urtdw3y_component_configuration.pl  --do_build_sim=0  ]</message>
   <message level="Info" culprit="dma_0"># 2022.08.05 00:13:50 (*)   design1_dma_0_altera_avalon_dma_1910_urtdw3y: allowing these transactions: word, hw, byte_access</message>
   <message level="Info" culprit="dma_0">Done RTL generation for module 'design1_dma_0_altera_avalon_dma_1910_urtdw3y'</message>
  </messages>
 </entity>
 <entity
   kind="altera_avalon_dma"
   version="19.1.0"
   name="design1_dma_0_altera_avalon_dma_1910_urtdw3y">
  <parameter name="fifoDepth" value="32" />
  <parameter
     name="readAddressMap"
     value="&lt;address-map&gt;&lt;slave name=&apos;serial_flash.avl_mem&apos; start=&apos;0x0&apos; end=&apos;0x1000000&apos; datawidth=&apos;32&apos; /&gt;&lt;slave name=&apos;ethernet.control_port&apos; start=&apos;0x1000000&apos; end=&apos;0x1000400&apos; datawidth=&apos;32&apos; /&gt;&lt;slave name=&apos;serial_flash.avl_csr&apos; start=&apos;0x1000400&apos; end=&apos;0x1000500&apos; datawidth=&apos;32&apos; /&gt;&lt;slave name=&apos;performance_counter_0.control_slave&apos; start=&apos;0x1000500&apos; end=&apos;0x1000540&apos; datawidth=&apos;32&apos; /&gt;&lt;slave name=&apos;spi.spi_control_port&apos; start=&apos;0x1000540&apos; end=&apos;0x1000560&apos; datawidth=&apos;16&apos; /&gt;&lt;slave name=&apos;jtag_uart.avalon_jtag_slave&apos; start=&apos;0x1000560&apos; end=&apos;0x1000568&apos; datawidth=&apos;32&apos; /&gt;&lt;slave name=&apos;character_lcd.avalon_lcd_slave&apos; start=&apos;0x1000568&apos; end=&apos;0x100056A&apos; datawidth=&apos;8&apos; /&gt;&lt;/address-map&gt;" />
  <parameter name="allowLegacySignals" value="false" />
  <parameter name="allowWordTransactions" value="true" />
  <parameter name="burstEnable" value="false" />
  <parameter name="softresetEnable" value="true" />
  <parameter name="allowHalfWordTransactions" value="true" />
  <parameter name="avalonSpec" value="2.0" />
  <parameter name="maxBurstSize" value="128" />
  <parameter name="readSlaveDataWidthMax" value="32" />
  <parameter name="bigEndian" value="false" />
  <parameter name="writeSlaveDataWidthMax" value="32" />
  <parameter name="writeMaximumSlaveSpan" value="131072" />
  <parameter name="useRegistersForFIFO" value="false" />
  <parameter name="minimumNumberOfByteTransfers" value="8191" />
  <parameter name="allowQuadWordTransactions" value="true" />
  <parameter name="writeSlaveAddressWidthMax" value="25" />
  <parameter name="minimumDmaTransactionRegisterWidth" value="13" />
  <parameter name="actualDmaTransactionRegisterWidth" value="25" />
  <parameter name="readMaximumSlaveSpan" value="16777216" />
  <parameter name="allowByteTransactions" value="true" />
  <parameter name="readSlaveAddressWidthMax" value="25" />
  <parameter name="allowDoubleWordTransactions" value="true" />
  <parameter
     name="writeAddressMap"
     value="&lt;address-map&gt;&lt;slave name=&apos;memory.s1&apos; start=&apos;0x0&apos; end=&apos;0x20000&apos; datawidth=&apos;32&apos; /&gt;&lt;slave name=&apos;cpu.timer_sw_agent&apos; start=&apos;0x30040&apos; end=&apos;0x30080&apos; datawidth=&apos;32&apos; /&gt;&lt;slave name=&apos;ethernet.control_port&apos; start=&apos;0x1000000&apos; end=&apos;0x1000400&apos; datawidth=&apos;32&apos; /&gt;&lt;/address-map&gt;" />
  <generatedFiles>
   <file
       path="C:\Users\dipal.halder\Desktop\sahara\NoC_paper\Designs\ip\design1\design1_dma_0\altera_avalon_dma_1910\synth\design1_dma_0_altera_avalon_dma_1910_urtdw3y.v"
       attributes="" />
  </generatedFiles>
  <childGeneratedFiles>
   <file
       path="C:\Users\dipal.halder\Desktop\sahara\NoC_paper\Designs\ip\design1\design1_dma_0\altera_avalon_dma_1910\synth\design1_dma_0_altera_avalon_dma_1910_urtdw3y.v"
       attributes="" />
  </childGeneratedFiles>
  <sourceFiles>
   <file
       path="C:/intelfpga_pro/21.3/ip/altera/sopc_builder_ip/altera_avalon_dma/altera_avalon_dma_hw.tcl" />
  </sourceFiles>
  <childSourceFiles/>
  <instantiator instantiator="design1_dma_0" as="dma_0" />
  <messages>
   <message level="Info" culprit="design1_dma_0">"Generating: design1_dma_0_altera_avalon_dma_1910_urtdw3y"</message>
   <message level="Info" culprit="dma_0">softresetEnable = 1</message>
   <message level="Info" culprit="dma_0">Starting RTL generation for module 'design1_dma_0_altera_avalon_dma_1910_urtdw3y'</message>
   <message level="Info" culprit="dma_0">  Generation command is [exec C:/intelfpga_pro/21.3/quartus/bin64//perl/bin/perl.exe -I C:/intelfpga_pro/21.3/quartus/bin64//perl/lib -I C:/intelfpga_pro/21.3/quartus/sopc_builder/bin/europa -I C:/intelfpga_pro/21.3/quartus/sopc_builder/bin/perl_lib -I C:/intelfpga_pro/21.3/quartus/sopc_builder/bin -I C:/intelfpga_pro/21.3/quartus/../ip/altera/sopc_builder_ip/common -I C:/intelfpga_pro/21.3/quartus/../ip/altera/sopc_builder_ip/altera_avalon_dma -- C:/intelfpga_pro/21.3/quartus/../ip/altera/sopc_builder_ip/altera_avalon_dma/generate_rtl.pl --name=design1_dma_0_altera_avalon_dma_1910_urtdw3y --dir=C:/Users/DIPAL~1.HAL/AppData/Local/Temp/alt9209_6703763945193571135.dir/0001_dma_0_gen/ --quartus_dir=C:/intelfpga_pro/21.3/quartus --verilog --config=C:/Users/DIPAL~1.HAL/AppData/Local/Temp/alt9209_6703763945193571135.dir/0001_dma_0_gen//design1_dma_0_altera_avalon_dma_1910_urtdw3y_component_configuration.pl  --do_build_sim=0  ]</message>
   <message level="Info" culprit="dma_0"># 2022.08.05 00:13:50 (*)   design1_dma_0_altera_avalon_dma_1910_urtdw3y: allowing these transactions: word, hw, byte_access</message>
   <message level="Info" culprit="dma_0">Done RTL generation for module 'design1_dma_0_altera_avalon_dma_1910_urtdw3y'</message>
  </messages>
 </entity>
</deploy>
