# system info design1_dma_0 on 2022.08.21.20:35:10
system_info:
name,value
DEVICE,AGFA012R24A2E2V
DEVICE_FAMILY,Agilex
GENERATION_ID,0
#
#
# Files generated for design1_dma_0 on 2022.08.21.20:35:10
files:
filepath,kind,attributes,module,is_top
sim/design1_dma_0.v,VERILOG,CONTAINS_INLINE_CONFIGURATION,design1_dma_0,true
altera_avalon_dma_1910/sim/design1_dma_0_altera_avalon_dma_1910_urtdw3y.v,VERILOG,,design1_dma_0_altera_avalon_dma_1910_urtdw3y,false
#
# Map from instance-path to kind of module
instances:
instancePath,module
design1_dma_0.dma_0,design1_dma_0_altera_avalon_dma_1910_urtdw3y
