<?xml version="1.0" encoding="UTF-8"?>
<deploy
 date="2022.08.05.00:13:53"
 outputDirectory="C:/Users/dipal.halder/Desktop/sahara/NoC_paper/Designs/ip/design1/design1_s20_native_floating_point_dsp_0/">
 <perimeter>
  <parameter
     name="AUTO_GENERATION_ID"
     type="Integer"
     defaultValue="0"
     onHdl="0"
     affectsHdl="1" />
  <parameter
     name="AUTO_UNIQUE_ID"
     type="String"
     defaultValue=""
     onHdl="0"
     affectsHdl="1" />
  <parameter
     name="AUTO_DEVICE_FAMILY"
     type="String"
     defaultValue="Agilex"
     onHdl="0"
     affectsHdl="1" />
  <parameter
     name="AUTO_DEVICE"
     type="String"
     defaultValue="AGFA012R24A2E2V"
     onHdl="0"
     affectsHdl="1" />
  <parameter
     name="AUTO_DEVICE_SPEEDGRADE"
     type="String"
     defaultValue="2"
     onHdl="0"
     affectsHdl="1" />
  <parameter
     name="AUTO_CLK_CLOCK_RATE"
     type="Long"
     defaultValue="-1"
     onHdl="0"
     affectsHdl="1" />
  <parameter
     name="AUTO_CLK_CLOCK_DOMAIN"
     type="Integer"
     defaultValue="-1"
     onHdl="0"
     affectsHdl="1" />
  <parameter
     name="AUTO_CLK_RESET_DOMAIN"
     type="Integer"
     defaultValue="-1"
     onHdl="0"
     affectsHdl="1" />
  <interface name="fp32_mult_a" kind="conduit" start="0">
   <property name="associatedClock" value="" />
   <property name="associatedReset" value="" />
   <property name="prSafe" value="false" />
   <port name="fp32_mult_a" direction="input" role="fp32_mult_a" width="32" />
  </interface>
  <interface name="fp32_mult_b" kind="conduit" start="0">
   <property name="associatedClock" value="" />
   <property name="associatedReset" value="" />
   <property name="prSafe" value="false" />
   <port name="fp32_mult_b" direction="input" role="fp32_mult_b" width="32" />
  </interface>
  <interface name="fp32_adder_a" kind="conduit" start="0">
   <property name="associatedClock" value="" />
   <property name="associatedReset" value="" />
   <property name="prSafe" value="false" />
   <port name="fp32_adder_a" direction="input" role="fp32_adder_a" width="32" />
  </interface>
  <interface name="clk" kind="clock" start="0">
   <property name="clockRate" value="0" />
   <property name="externallyDriven" value="false" />
   <property name="ptfSchematicName" value="" />
   <port name="clk" direction="input" role="clk" width="1" />
  </interface>
  <interface name="ena" kind="conduit" start="0">
   <property name="associatedClock" value="" />
   <property name="associatedReset" value="" />
   <property name="prSafe" value="false" />
   <port name="ena" direction="input" role="ena" width="3" />
  </interface>
  <interface name="fp32_result" kind="conduit" start="0">
   <property name="associatedClock" value="" />
   <property name="associatedReset" value="" />
   <property name="prSafe" value="false" />
   <port name="fp32_result" direction="output" role="fp32_result" width="32" />
  </interface>
 </perimeter>
 <entity
   kind="design1_s20_native_floating_point_dsp_0"
   version="1.0"
   name="design1_s20_native_floating_point_dsp_0">
  <parameter name="AUTO_CLK_CLOCK_RATE" value="-1" />
  <parameter name="AUTO_GENERATION_ID" value="0" />
  <parameter name="AUTO_DEVICE" value="AGFA012R24A2E2V" />
  <parameter name="AUTO_DEVICE_FAMILY" value="Agilex" />
  <parameter name="AUTO_CLK_RESET_DOMAIN" value="-1" />
  <parameter name="AUTO_CLK_CLOCK_DOMAIN" value="-1" />
  <parameter name="AUTO_UNIQUE_ID" value="" />
  <parameter name="AUTO_DEVICE_SPEEDGRADE" value="2" />
  <generatedFiles>
   <file
       path="C:\Users\dipal.halder\Desktop\sahara\NoC_paper\Designs\ip\design1\design1_s20_native_floating_point_dsp_0\synth\design1_s20_native_floating_point_dsp_0.v"
       attributes="CONTAINS_INLINE_CONFIGURATION" />
  </generatedFiles>
  <childGeneratedFiles>
   <file
       path="C:\Users\dipal.halder\Desktop\sahara\NoC_paper\Designs\ip\design1\design1_s20_native_floating_point_dsp_0\synth\design1_s20_native_floating_point_dsp_0.v"
       attributes="CONTAINS_INLINE_CONFIGURATION" />
  </childGeneratedFiles>
  <sourceFiles>
   <file
       path="C:/Users/dipal.halder/Desktop/sahara/NoC_paper/Designs/ip/design1/design1_s20_native_floating_point_dsp_0.ip" />
  </sourceFiles>
  <childSourceFiles>
   <file
       path="C:/intelfpga_pro/21.3/ip/altera/native_mac/s20_native_fp/s20_fp_mac_native_hw.tcl" />
  </childSourceFiles>
  <messages>
   <message level="Info" culprit="design1_s20_native_floating_point_dsp_0">"Generating: design1_s20_native_floating_point_dsp_0"</message>
   <message level="Info" culprit="design1_s20_native_floating_point_dsp_0">"Generating: design1_s20_native_floating_point_dsp_0_s20_native_floating_point_dsp_1910_lrsorsi"</message>
   <message level="Info" culprit="s20_native_floating_point_dsp_0">generating top-level entity design1_s20_native_floating_point_dsp_0_s20_native_floating_point_dsp_1910_lrsorsi</message>
  </messages>
 </entity>
 <entity
   kind="s20_native_floating_point_dsp"
   version="19.1.0"
   name="design1_s20_native_floating_point_dsp_0_s20_native_floating_point_dsp_1910_lrsorsi">
  <parameter name="mult_2nd_pipeline_clken" value="0" />
  <parameter name="fp16_input_width" value="16" />
  <parameter name="fp32_adder_a_chainin_pl_clken" value="0" />
  <parameter name="accum_2nd_pipeline_clken" value="no_reg" />
  <parameter name="fp32_adder_a_chainin_2nd_pl_clken" value="0" />
  <parameter name="adder_pl_clken" value="no_reg" />
  <parameter name="output_clken" value="0" />
  <parameter name="accum_adder_clken" value="no_reg" />
  <parameter name="enable_chainout" value="false" />
  <parameter name="accumulate_clken" value="no_reg" />
  <parameter name="fp32_adder_b_clken" value="no_reg" />
  <parameter name="mult_pipeline_clken" value="0" />
  <parameter name="fp16_mode" value="flushed" />
  <parameter name="enable_exception_flag" value="false" />
  <parameter name="fp32_adder_subtract" value="false" />
  <parameter name="fp16_mult_input_clken" value="no_reg" />
  <parameter name="operation_mode" value="fp32_mult_add" />
  <parameter name="enable_clr1" value="false" />
  <parameter name="fp32_adder_a_clken" value="0" />
  <parameter name="enable_clr0" value="false" />
  <parameter name="fp32_mult_a_clken" value="0" />
  <parameter name="use_chainin" value="false" />
  <parameter name="fp32_mult_b_clken" value="0" />
  <parameter name="fp16_adder_subtract" value="false" />
  <parameter name="adder_input_clken" value="0" />
  <parameter name="accum_pipeline_clken" value="no_reg" />
  <parameter name="clear_type" value="none" />
  <generatedFiles>
   <file
       path="C:\Users\dipal.halder\Desktop\sahara\NoC_paper\Designs\ip\design1\design1_s20_native_floating_point_dsp_0\s20_native_floating_point_dsp_1910\synth\design1_s20_native_floating_point_dsp_0_s20_native_floating_point_dsp_1910_lrsorsi.v"
       attributes="" />
  </generatedFiles>
  <childGeneratedFiles>
   <file
       path="C:\Users\dipal.halder\Desktop\sahara\NoC_paper\Designs\ip\design1\design1_s20_native_floating_point_dsp_0\s20_native_floating_point_dsp_1910\synth\design1_s20_native_floating_point_dsp_0_s20_native_floating_point_dsp_1910_lrsorsi.v"
       attributes="" />
  </childGeneratedFiles>
  <sourceFiles>
   <file
       path="C:/intelfpga_pro/21.3/ip/altera/native_mac/s20_native_fp/s20_fp_mac_native_hw.tcl" />
  </sourceFiles>
  <childSourceFiles/>
  <instantiator
     instantiator="design1_s20_native_floating_point_dsp_0"
     as="s20_native_floating_point_dsp_0" />
  <messages>
   <message level="Info" culprit="design1_s20_native_floating_point_dsp_0">"Generating: design1_s20_native_floating_point_dsp_0_s20_native_floating_point_dsp_1910_lrsorsi"</message>
   <message level="Info" culprit="s20_native_floating_point_dsp_0">generating top-level entity design1_s20_native_floating_point_dsp_0_s20_native_floating_point_dsp_1910_lrsorsi</message>
  </messages>
 </entity>
</deploy>
