# system info design1_s20_native_floating_point_dsp_0 on 2022.08.21.20:35:15
system_info:
name,value
DEVICE,AGFA012R24A2E2V
DEVICE_FAMILY,Agilex
GENERATION_ID,0
#
#
# Files generated for design1_s20_native_floating_point_dsp_0 on 2022.08.21.20:35:15
files:
filepath,kind,attributes,module,is_top
sim/design1_s20_native_floating_point_dsp_0.v,VERILOG,CONTAINS_INLINE_CONFIGURATION,design1_s20_native_floating_point_dsp_0,true
s20_native_floating_point_dsp_1910/sim/design1_s20_native_floating_point_dsp_0_s20_native_floating_point_dsp_1910_lrsorsi.v,VERILOG,,design1_s20_native_floating_point_dsp_0_s20_native_floating_point_dsp_1910_lrsorsi,false
#
# Map from instance-path to kind of module
instances:
instancePath,module
design1_s20_native_floating_point_dsp_0.s20_native_floating_point_dsp_0,design1_s20_native_floating_point_dsp_0_s20_native_floating_point_dsp_1910_lrsorsi
