# system info design1_inst_character_lcd_0_external_interface_bfm_ip on 2022.07.19.20:58:23
system_info:
name,value
DEVICE,AGFA012R24A2E2V
DEVICE_FAMILY,Agilex
GENERATION_ID,0
#
#
# Files generated for design1_inst_character_lcd_0_external_interface_bfm_ip on 2022.07.19.20:58:23
files:
filepath,kind,attributes,module,is_top
sim/design1_inst_character_lcd_0_external_interface_bfm_ip.v,VERILOG,CONTAINS_INLINE_CONFIGURATION,design1_inst_character_lcd_0_external_interface_bfm_ip,true
altera_conduit_bfm_191/sim/verbosity_pkg.sv,SYSTEM_VERILOG, COMMON_SYSTEMVERILOG_PACKAGE=avalon_vip_verbosity_pkg,design1_inst_character_lcd_0_external_interface_bfm_ip_altera_conduit_bfm_191_yp3o3ma,false
altera_conduit_bfm_191/sim/design1_inst_character_lcd_0_external_interface_bfm_ip_altera_conduit_bfm_191_yp3o3ma.sv,SYSTEM_VERILOG,,design1_inst_character_lcd_0_external_interface_bfm_ip_altera_conduit_bfm_191_yp3o3ma,false
#
# Map from instance-path to kind of module
instances:
instancePath,module
design1_inst_character_lcd_0_external_interface_bfm_ip.design1_inst_character_lcd_0_external_interface_bfm,design1_inst_character_lcd_0_external_interface_bfm_ip_altera_conduit_bfm_191_yp3o3ma
