# system info design1_inst_eth_tse_0_mac_misc_connection_bfm_ip on 2022.07.19.20:58:21
system_info:
name,value
DEVICE,AGFA012R24A2E2V
DEVICE_FAMILY,Agilex
GENERATION_ID,0
#
#
# Files generated for design1_inst_eth_tse_0_mac_misc_connection_bfm_ip on 2022.07.19.20:58:21
files:
filepath,kind,attributes,module,is_top
sim/design1_inst_eth_tse_0_mac_misc_connection_bfm_ip.v,VERILOG,CONTAINS_INLINE_CONFIGURATION,design1_inst_eth_tse_0_mac_misc_connection_bfm_ip,true
altera_conduit_bfm_191/sim/verbosity_pkg.sv,SYSTEM_VERILOG, COMMON_SYSTEMVERILOG_PACKAGE=avalon_vip_verbosity_pkg,design1_inst_eth_tse_0_mac_misc_connection_bfm_ip_altera_conduit_bfm_191_f4e2wxy,false
altera_conduit_bfm_191/sim/design1_inst_eth_tse_0_mac_misc_connection_bfm_ip_altera_conduit_bfm_191_f4e2wxy.sv,SYSTEM_VERILOG,,design1_inst_eth_tse_0_mac_misc_connection_bfm_ip_altera_conduit_bfm_191_f4e2wxy,false
#
# Map from instance-path to kind of module
instances:
instancePath,module
design1_inst_eth_tse_0_mac_misc_connection_bfm_ip.design1_inst_eth_tse_0_mac_misc_connection_bfm,design1_inst_eth_tse_0_mac_misc_connection_bfm_ip_altera_conduit_bfm_191_f4e2wxy
