<?xml version="1.0" encoding="UTF-8"?>
<deploy
 date="2022.08.05.00:13:55"
 outputDirectory="C:/Users/dipal.halder/Desktop/sahara/NoC_paper/Designs/ip/design1/design1_eth_tse_0/">
 <perimeter>
  <parameter
     name="AUTO_GENERATION_ID"
     type="Integer"
     defaultValue="0"
     onHdl="0"
     affectsHdl="1" />
  <parameter
     name="AUTO_UNIQUE_ID"
     type="String"
     defaultValue=""
     onHdl="0"
     affectsHdl="1" />
  <parameter
     name="AUTO_DEVICE_FAMILY"
     type="String"
     defaultValue="Agilex"
     onHdl="0"
     affectsHdl="1" />
  <parameter
     name="AUTO_DEVICE"
     type="String"
     defaultValue="AGFA012R24A2E2V"
     onHdl="0"
     affectsHdl="1" />
  <parameter
     name="AUTO_DEVICE_SPEEDGRADE"
     type="String"
     defaultValue="2"
     onHdl="0"
     affectsHdl="1" />
  <parameter
     name="AUTO_CONTROL_PORT_CLOCK_CONNECTION_CLOCK_RATE"
     type="Long"
     defaultValue="-1"
     onHdl="0"
     affectsHdl="1" />
  <parameter
     name="AUTO_CONTROL_PORT_CLOCK_CONNECTION_CLOCK_DOMAIN"
     type="Integer"
     defaultValue="-1"
     onHdl="0"
     affectsHdl="1" />
  <parameter
     name="AUTO_CONTROL_PORT_CLOCK_CONNECTION_RESET_DOMAIN"
     type="Integer"
     defaultValue="-1"
     onHdl="0"
     affectsHdl="1" />
  <parameter
     name="AUTO_TRANSMIT_CLOCK_CONNECTION_CLOCK_RATE"
     type="Long"
     defaultValue="-1"
     onHdl="0"
     affectsHdl="1" />
  <parameter
     name="AUTO_TRANSMIT_CLOCK_CONNECTION_CLOCK_DOMAIN"
     type="Integer"
     defaultValue="-1"
     onHdl="0"
     affectsHdl="1" />
  <parameter
     name="AUTO_TRANSMIT_CLOCK_CONNECTION_RESET_DOMAIN"
     type="Integer"
     defaultValue="-1"
     onHdl="0"
     affectsHdl="1" />
  <parameter
     name="AUTO_RECEIVE_CLOCK_CONNECTION_CLOCK_RATE"
     type="Long"
     defaultValue="-1"
     onHdl="0"
     affectsHdl="1" />
  <parameter
     name="AUTO_RECEIVE_CLOCK_CONNECTION_CLOCK_DOMAIN"
     type="Integer"
     defaultValue="-1"
     onHdl="0"
     affectsHdl="1" />
  <parameter
     name="AUTO_RECEIVE_CLOCK_CONNECTION_RESET_DOMAIN"
     type="Integer"
     defaultValue="-1"
     onHdl="0"
     affectsHdl="1" />
  <parameter
     name="AUTO_PCS_MAC_TX_CLOCK_CONNECTION_CLOCK_RATE"
     type="Long"
     defaultValue="-1"
     onHdl="0"
     affectsHdl="1" />
  <parameter
     name="AUTO_PCS_MAC_TX_CLOCK_CONNECTION_CLOCK_DOMAIN"
     type="Integer"
     defaultValue="-1"
     onHdl="0"
     affectsHdl="1" />
  <parameter
     name="AUTO_PCS_MAC_TX_CLOCK_CONNECTION_RESET_DOMAIN"
     type="Integer"
     defaultValue="-1"
     onHdl="0"
     affectsHdl="1" />
  <parameter
     name="AUTO_PCS_MAC_RX_CLOCK_CONNECTION_CLOCK_RATE"
     type="Long"
     defaultValue="-1"
     onHdl="0"
     affectsHdl="1" />
  <parameter
     name="AUTO_PCS_MAC_RX_CLOCK_CONNECTION_CLOCK_DOMAIN"
     type="Integer"
     defaultValue="-1"
     onHdl="0"
     affectsHdl="1" />
  <parameter
     name="AUTO_PCS_MAC_RX_CLOCK_CONNECTION_RESET_DOMAIN"
     type="Integer"
     defaultValue="-1"
     onHdl="0"
     affectsHdl="1" />
  <interface name="control_port_clock_connection" kind="clock" start="0">
   <property name="clockRate" value="0" />
   <property name="externallyDriven" value="false" />
   <property name="ptfSchematicName" value="" />
   <port name="clk" direction="input" role="clk" width="1" />
  </interface>
  <interface name="reset_connection" kind="reset" start="0">
   <property name="associatedClock" value="control_port_clock_connection" />
   <property name="synchronousEdges" value="DEASSERT" />
   <port name="reset" direction="input" role="reset" width="1" />
  </interface>
  <interface name="control_port" kind="avalon" start="0">
   <property name="addressAlignment" value="DYNAMIC" />
   <property name="addressGroup" value="0" />
   <property name="addressSpan" value="1024" />
   <property name="addressUnits" value="WORDS" />
   <property name="alwaysBurstMaxBurst" value="false" />
   <property name="associatedClock" value="control_port_clock_connection" />
   <property name="associatedReset" value="reset_connection" />
   <property name="bitsPerSymbol" value="8" />
   <property name="bridgedAddressOffset" value="0" />
   <property name="bridgesToMaster" value="" />
   <property name="burstOnBurstBoundariesOnly" value="false" />
   <property name="burstcountUnits" value="WORDS" />
   <property name="constantBurstBehavior" value="false" />
   <property name="explicitAddressSpan" value="0" />
   <property name="holdTime" value="0" />
   <property name="interleaveBursts" value="false" />
   <property name="isBigEndian" value="false" />
   <property name="isFlash" value="false" />
   <property name="isMemoryDevice" value="false" />
   <property name="isNonVolatileStorage" value="false" />
   <property name="linewrapBursts" value="false" />
   <property name="maximumPendingReadTransactions" value="0" />
   <property name="maximumPendingWriteTransactions" value="0" />
   <property name="minimumReadLatency" value="1" />
   <property name="minimumResponseLatency" value="1" />
   <property name="minimumUninterruptedRunLength" value="1" />
   <property name="prSafe" value="false" />
   <property name="printableDevice" value="false" />
   <property name="readLatency" value="0" />
   <property name="readWaitStates" value="1" />
   <property name="readWaitTime" value="1" />
   <property name="registerIncomingSignals" value="false" />
   <property name="registerOutgoingSignals" value="false" />
   <property name="setupTime" value="0" />
   <property name="timingUnits" value="Cycles" />
   <property name="transparentBridge" value="false" />
   <property name="waitrequestAllowance" value="0" />
   <property name="wellBehavedWaitrequest" value="false" />
   <property name="writeLatency" value="0" />
   <property name="writeWaitStates" value="1" />
   <property name="writeWaitTime" value="1" />
   <port name="reg_addr" direction="input" role="address" width="8" />
   <port name="reg_data_out" direction="output" role="readdata" width="32" />
   <port name="reg_rd" direction="input" role="read" width="1" />
   <port name="reg_data_in" direction="input" role="writedata" width="32" />
   <port name="reg_wr" direction="input" role="write" width="1" />
   <port name="reg_busy" direction="output" role="waitrequest" width="1" />
  </interface>
  <interface name="transmit_clock_connection" kind="clock" start="0">
   <property name="clockRate" value="0" />
   <property name="externallyDriven" value="false" />
   <property name="ptfSchematicName" value="" />
   <port name="ff_tx_clk" direction="input" role="clk" width="1" />
  </interface>
  <interface name="receive_clock_connection" kind="clock" start="0">
   <property name="clockRate" value="0" />
   <property name="externallyDriven" value="false" />
   <property name="ptfSchematicName" value="" />
   <port name="ff_rx_clk" direction="input" role="clk" width="1" />
  </interface>
  <interface name="receive" kind="avalon_streaming" start="1">
   <property name="associatedClock" value="receive_clock_connection" />
   <property name="associatedReset" value="reset_connection" />
   <property name="beatsPerCycle" value="1" />
   <property name="dataBitsPerSymbol" value="8" />
   <property name="emptyWithinPacket" value="false" />
   <property name="errorDescriptor" value="" />
   <property name="firstSymbolInHighOrderBits" value="true" />
   <property name="highOrderSymbolAtMSB" value="false" />
   <property name="maxChannel" value="0" />
   <property name="packetDescription" value="" />
   <property name="prSafe" value="false" />
   <property name="readyAllowance" value="0" />
   <property name="readyLatency" value="2" />
   <property name="symbolsPerBeat" value="4" />
   <port name="ff_rx_data" direction="output" role="data" width="32" />
   <port name="ff_rx_eop" direction="output" role="endofpacket" width="1" />
   <port name="rx_err" direction="output" role="error" width="6" />
   <port name="ff_rx_mod" direction="output" role="empty" width="2" />
   <port name="ff_rx_rdy" direction="input" role="ready" width="1" />
   <port name="ff_rx_sop" direction="output" role="startofpacket" width="1" />
   <port name="ff_rx_dval" direction="output" role="valid" width="1" />
  </interface>
  <interface name="transmit" kind="avalon_streaming" start="0">
   <property name="associatedClock" value="transmit_clock_connection" />
   <property name="associatedReset" value="reset_connection" />
   <property name="beatsPerCycle" value="1" />
   <property name="dataBitsPerSymbol" value="8" />
   <property name="emptyWithinPacket" value="false" />
   <property name="errorDescriptor" value="" />
   <property name="firstSymbolInHighOrderBits" value="true" />
   <property name="highOrderSymbolAtMSB" value="false" />
   <property name="maxChannel" value="0" />
   <property name="packetDescription" value="" />
   <property name="prSafe" value="false" />
   <property name="readyAllowance" value="0" />
   <property name="readyLatency" value="0" />
   <property name="symbolsPerBeat" value="4" />
   <port name="ff_tx_data" direction="input" role="data" width="32" />
   <port name="ff_tx_eop" direction="input" role="endofpacket" width="1" />
   <port name="ff_tx_err" direction="input" role="error" width="1" />
   <port name="ff_tx_mod" direction="input" role="empty" width="2" />
   <port name="ff_tx_rdy" direction="output" role="ready" width="1" />
   <port name="ff_tx_sop" direction="input" role="startofpacket" width="1" />
   <port name="ff_tx_wren" direction="input" role="valid" width="1" />
  </interface>
  <interface name="mac_misc_connection" kind="conduit" start="0">
   <property name="associatedClock" value="" />
   <property name="associatedReset" value="" />
   <property name="prSafe" value="false" />
   <port name="magic_wakeup" direction="output" role="magic_wakeup" width="1" />
   <port name="magic_sleep_n" direction="input" role="magic_sleep_n" width="1" />
   <port name="ff_tx_crc_fwd" direction="input" role="ff_tx_crc_fwd" width="1" />
   <port name="ff_tx_septy" direction="output" role="ff_tx_septy" width="1" />
   <port name="tx_ff_uflow" direction="output" role="tx_ff_uflow" width="1" />
   <port name="ff_tx_a_full" direction="output" role="ff_tx_a_full" width="1" />
   <port
       name="ff_tx_a_empty"
       direction="output"
       role="ff_tx_a_empty"
       width="1" />
   <port name="rx_err_stat" direction="output" role="rx_err_stat" width="18" />
   <port name="rx_frm_type" direction="output" role="rx_frm_type" width="4" />
   <port name="ff_rx_dsav" direction="output" role="ff_rx_dsav" width="1" />
   <port name="ff_rx_a_full" direction="output" role="ff_rx_a_full" width="1" />
   <port
       name="ff_rx_a_empty"
       direction="output"
       role="ff_rx_a_empty"
       width="1" />
  </interface>
  <interface name="mac_gmii_connection" kind="conduit" start="0">
   <property name="associatedClock" value="" />
   <property name="associatedReset" value="" />
   <property name="prSafe" value="false" />
   <port name="gm_rx_d" direction="input" role="gmii_rx_d" width="8" />
   <port name="gm_rx_dv" direction="input" role="gmii_rx_dv" width="1" />
   <port name="gm_rx_err" direction="input" role="gmii_rx_err" width="1" />
   <port name="gm_tx_d" direction="output" role="gmii_tx_d" width="8" />
   <port name="gm_tx_en" direction="output" role="gmii_tx_en" width="1" />
   <port name="gm_tx_err" direction="output" role="gmii_tx_err" width="1" />
  </interface>
  <interface name="mac_mii_connection" kind="conduit" start="0">
   <property name="associatedClock" value="" />
   <property name="associatedReset" value="" />
   <property name="prSafe" value="false" />
   <port name="m_rx_d" direction="input" role="mii_rx_d" width="4" />
   <port name="m_rx_en" direction="input" role="mii_rx_dv" width="1" />
   <port name="m_rx_err" direction="input" role="mii_rx_err" width="1" />
   <port name="m_tx_d" direction="output" role="mii_tx_d" width="4" />
   <port name="m_tx_en" direction="output" role="mii_tx_en" width="1" />
   <port name="m_tx_err" direction="output" role="mii_tx_err" width="1" />
   <port name="m_rx_crs" direction="input" role="mii_crs" width="1" />
   <port name="m_rx_col" direction="input" role="mii_col" width="1" />
  </interface>
  <interface name="mac_status_connection" kind="conduit" start="0">
   <property name="associatedClock" value="" />
   <property name="associatedReset" value="" />
   <property name="prSafe" value="false" />
   <port name="set_10" direction="input" role="set_10" width="1" />
   <port name="set_1000" direction="input" role="set_1000" width="1" />
   <port name="eth_mode" direction="output" role="eth_mode" width="1" />
   <port name="ena_10" direction="output" role="ena_10" width="1" />
  </interface>
  <interface name="pcs_mac_tx_clock_connection" kind="clock" start="0">
   <property name="clockRate" value="0" />
   <property name="externallyDriven" value="false" />
   <property name="ptfSchematicName" value="" />
   <port name="tx_clk" direction="input" role="clk" width="1" />
  </interface>
  <interface name="pcs_mac_rx_clock_connection" kind="clock" start="0">
   <property name="clockRate" value="0" />
   <property name="externallyDriven" value="false" />
   <property name="ptfSchematicName" value="" />
   <port name="rx_clk" direction="input" role="clk" width="1" />
  </interface>
 </perimeter>
 <entity kind="design1_eth_tse_0" version="1.0" name="design1_eth_tse_0">
  <parameter name="AUTO_GENERATION_ID" value="0" />
  <parameter name="AUTO_DEVICE_FAMILY" value="Agilex" />
  <parameter name="AUTO_PCS_MAC_TX_CLOCK_CONNECTION_CLOCK_RATE" value="-1" />
  <parameter name="AUTO_UNIQUE_ID" value="" />
  <parameter name="AUTO_TRANSMIT_CLOCK_CONNECTION_CLOCK_RATE" value="-1" />
  <parameter name="AUTO_DEVICE_SPEEDGRADE" value="2" />
  <parameter name="AUTO_PCS_MAC_RX_CLOCK_CONNECTION_CLOCK_RATE" value="-1" />
  <parameter name="AUTO_CONTROL_PORT_CLOCK_CONNECTION_CLOCK_RATE" value="-1" />
  <parameter name="AUTO_CONTROL_PORT_CLOCK_CONNECTION_CLOCK_DOMAIN" value="-1" />
  <parameter name="AUTO_RECEIVE_CLOCK_CONNECTION_RESET_DOMAIN" value="-1" />
  <parameter name="AUTO_PCS_MAC_TX_CLOCK_CONNECTION_RESET_DOMAIN" value="-1" />
  <parameter name="AUTO_CONTROL_PORT_CLOCK_CONNECTION_RESET_DOMAIN" value="-1" />
  <parameter name="AUTO_DEVICE" value="AGFA012R24A2E2V" />
  <parameter name="AUTO_RECEIVE_CLOCK_CONNECTION_CLOCK_RATE" value="-1" />
  <parameter name="AUTO_PCS_MAC_RX_CLOCK_CONNECTION_CLOCK_DOMAIN" value="-1" />
  <parameter name="AUTO_PCS_MAC_RX_CLOCK_CONNECTION_RESET_DOMAIN" value="-1" />
  <parameter name="AUTO_RECEIVE_CLOCK_CONNECTION_CLOCK_DOMAIN" value="-1" />
  <parameter name="AUTO_PCS_MAC_TX_CLOCK_CONNECTION_CLOCK_DOMAIN" value="-1" />
  <parameter name="AUTO_TRANSMIT_CLOCK_CONNECTION_CLOCK_DOMAIN" value="-1" />
  <parameter name="AUTO_TRANSMIT_CLOCK_CONNECTION_RESET_DOMAIN" value="-1" />
  <generatedFiles>
   <file
       path="C:\Users\dipal.halder\Desktop\sahara\NoC_paper\Designs\ip\design1\design1_eth_tse_0\synth\design1_eth_tse_0.v"
       attributes="CONTAINS_INLINE_CONFIGURATION" />
  </generatedFiles>
  <childGeneratedFiles>
   <file
       path="C:\Users\dipal.halder\Desktop\sahara\NoC_paper\Designs\ip\design1\design1_eth_tse_0\synth\design1_eth_tse_0.v"
       attributes="CONTAINS_INLINE_CONFIGURATION" />
  </childGeneratedFiles>
  <sourceFiles>
   <file
       path="C:/Users/dipal.halder/Desktop/sahara/NoC_paper/Designs/ip/design1/design1_eth_tse_0.ip" />
  </sourceFiles>
  <childSourceFiles>
   <file
       path="C:/intelfpga_pro/21.3/ip/altera/ethernet/altera_eth_tse/altera_eth_tse_hw.tcl" />
   <file
       path="C:/intelfpga_pro/21.3/ip/altera/ethernet/tse_ucores/altera_eth_tse_mac/altera_eth_tse_mac_hw.tcl" />
  </childSourceFiles>
  <messages>
   <message level="Info" culprit="design1_eth_tse_0">"Generating: design1_eth_tse_0"</message>
   <message level="Info" culprit="design1_eth_tse_0">"Generating: design1_eth_tse_0_altera_eth_tse_1950_5fwvngq"</message>
   <message level="Info" culprit="design1_eth_tse_0">"Generating: altera_eth_tse_mac"</message>
  </messages>
 </entity>
 <entity
   kind="altera_eth_tse"
   version="19.5.0"
   name="design1_eth_tse_0_altera_eth_tse_1950_5fwvngq">
  <parameter name="rf_p1_min_b" value="999" />
  <parameter name="rf_p1_min_a" value="999" />
  <parameter name="enable_clk_sharing" value="false" />
  <parameter name="enable_adpt_multi_recipe" value="1" />
  <parameter name="mdio_clk_div" value="40" />
  <parameter name="EXAMPLE_DESIGN_VARIANT" value="0" />
  <parameter name="starting_channel_number" value="0" />
  <parameter name="enable_mac_flow_ctrl" value="false" />
  <parameter name="enable_ecc" value="false" />
  <parameter name="enable_magic_detect" value="true" />
  <parameter name="XCVR_TILE" value="htile" />
  <parameter name="rf_b1_ada_b" value="adaptable" />
  <parameter name="rf_b1_ada_a" value="adaptable" />
  <parameter name="phyip_en_synce_support" value="false" />
  <parameter name="ND_XCVR_SET_USER_IDENTIFIER" value="0" />
  <parameter name="adpt_param_vals4_b" value="" />
  <parameter name="adpt_param_vals4_a" value="" />
  <parameter name="rf_b0t_b" value="999" />
  <parameter name="rf_b0t_a" value="999" />
  <parameter name="reduced_interface_ena" value="false" />
  <parameter name="isUsePCS_2xTBI" value="false" />
  <parameter name="rf_a_a" value="999" />
  <parameter name="deviceFamily" value="AGILEX" />
  <parameter name="rf_a_b" value="999" />
  <parameter name="deviceDieList" value="HSSI_WHR,HSSI_CRETE3,MAIN_FM6" />
  <parameter name="core_version" value="4869" />
  <parameter name="useMDIO" value="false" />
  <parameter name="mbit_only" value="true" />
  <parameter name="adpt_param_vals0_b" value="" />
  <parameter name="adpt_param_vals0_a" value="" />
  <parameter name="adpt_param_vals7" value="" />
  <parameter name="enable_use_internal_fifo" value="true" />
  <parameter name="adpt_param_vals6" value="" />
  <parameter name="adpt_param_vals5" value="" />
  <parameter name="adpt_param_vals4" value="" />
  <parameter name="enable_hidden_features" value="false" />
  <parameter name="ctle_hf_val_a" value="999" />
  <parameter
     name="adpt_params"
     value="ctle_lf_val_a,ctle_lf_val_ada_a,ctle_lf_min_a,ctle_lf_max_a,ctle_hf_val_a,ctle_hf_val_ada_a,ctle_hf_min_a,ctle_hf_max_a,rf_p2_val_a,rf_p2_val_ada_a,rf_p2_min_a,rf_p2_max_a,rf_p1_val_a,rf_p1_val_ada_a,rf_p1_min_a,rf_p1_max_a,rf_reserved0_a,rf_p0_val_a,rf_p0_val_ada_a,rf_reserved1_a,rf_b0t_a,ctle_gs1_val_a,ctle_gs2_val_a,rf_b1_a,rf_b1_ada_a,rf_b0_a,rf_b0_ada_a,rf_a_a,ctle_lf_val_b,ctle_lf_val_ada_b,ctle_lf_min_b,ctle_lf_max_b,ctle_hf_val_b,ctle_hf_val_ada_b,ctle_hf_min_b,ctle_hf_max_b,rf_p2_val_b,rf_p2_val_ada_b,rf_p2_min_b,rf_p2_max_b,rf_p1_val_b,rf_p1_val_ada_b,rf_p1_min_b,rf_p1_max_b,rf_reserved0_b,rf_p0_val_b,rf_p0_val_ada_b,rf_reserved1_b,rf_b0t_b,ctle_gs1_val_b,ctle_gs2_val_b,rf_b1_b,rf_b1_ada_b,rf_b0_b,rf_b0_ada_b,rf_a_b" />
  <parameter name="stat_cnt_ena" value="true" />
  <parameter name="nf_lvds_iopll_num_channels" value="4" />
  <parameter name="GEN_SIM" value="0" />
  <parameter name="core_variation" value="MAC_ONLY" />
  <parameter name="enable_sup_addr" value="false" />
  <parameter name="ctle_lf_val_a" value="999" />
  <parameter name="ctle_hf_val_b" value="999" />
  <parameter name="ctle_lf_val_b" value="999" />
  <parameter name="adpt_param_vals3" value="" />
  <parameter name="adpt_param_vals2" value="" />
  <parameter name="ctle_lf_val_ada_a" value="adaptable" />
  <parameter name="ctle_hf_max_a" value="999" />
  <parameter name="ctle_lf_max_b" value="999" />
  <parameter name="adpt_param_vals1" value="" />
  <parameter name="ctle_lf_max_a" value="999" />
  <parameter name="ctle_lf_val_ada_b" value="adaptable" />
  <parameter name="ctle_hf_max_b" value="999" />
  <parameter name="adpt_param_vals0" value="" />
  <parameter name="phyip_pma_bonding_mode" value="x1" />
  <parameter name="isUseMAC" value="true" />
  <parameter name="XCVR_SET_CAPABILITY_REG_ENABLE" value="0" />
  <parameter name="eg_fifo" value="2048" />
  <parameter name="enable_mac_vlan" value="false" />
  <parameter
     name="adpt_params_b"
     value="ctle_lf_val_b,ctle_lf_val_ada_b,ctle_lf_min_b,ctle_lf_max_b,ctle_hf_val_b,ctle_hf_val_ada_b,ctle_hf_min_b,ctle_hf_max_b,rf_p2_val_b,rf_p2_val_ada_b,rf_p2_min_b,rf_p2_max_b,rf_p1_val_b,rf_p1_val_ada_b,rf_p1_min_b,rf_p1_max_b,rf_reserved0_b,rf_p0_val_b,rf_p0_val_ada_b,rf_reserved1_b,rf_b0t_b,ctle_gs1_val_b,ctle_gs2_val_b,rf_b1_b,rf_b1_ada_b,rf_b0_b,rf_b0_ada_b,rf_a_b" />
  <parameter
     name="adpt_params_a"
     value="ctle_lf_val_a,ctle_lf_val_ada_a,ctle_lf_min_a,ctle_lf_max_a,ctle_hf_val_a,ctle_hf_val_ada_a,ctle_hf_min_a,ctle_hf_max_a,rf_p2_val_a,rf_p2_val_ada_a,rf_p2_min_a,rf_p2_max_a,rf_p1_val_a,rf_p1_val_ada_a,rf_p1_min_a,rf_p1_max_a,rf_reserved0_a,rf_p0_val_a,rf_p0_val_ada_a,rf_reserved1_a,rf_b0t_a,ctle_gs1_val_a,ctle_gs2_val_a,rf_b1_a,rf_b1_ada_a,rf_b0_a,rf_b0_ada_a,rf_a_a" />
  <parameter name="HDL_FORMAT" value="1" />
  <parameter name="ing_addr" value="11" />
  <parameter name="rf_b0_b" value="999" />
  <parameter name="adpt_param_vals1_b" value="" />
  <parameter name="adpt_param_vals5_a" value="" />
  <parameter name="XCVR_RCFG_JTAG_ENABLE" value="0" />
  <parameter name="adpt_param_vals5_b" value="" />
  <parameter name="rf_b0_a" value="999" />
  <parameter name="l_rf_frz_b" value="999" />
  <parameter name="l_rf_frz_a" value="999" />
  <parameter name="enable_sgmii" value="false" />
  <parameter name="eg_addr" value="11" />
  <parameter name="tstamp_fp_width" value="4" />
  <parameter name="ctle_gs1_val_b" value="999" />
  <parameter name="adpt_param_vals1_a" value="" />
  <parameter name="enable_gmii_loopback" value="false" />
  <parameter name="ctle_gs1_val_a" value="999" />
  <parameter name="rf_p2_max_b" value="999" />
  <parameter name="enable_padding" value="true" />
  <parameter name="rf_p2_max_a" value="999" />
  <parameter name="ctle_hf_val_ada_b" value="adaptable" />
  <parameter name="ctle_hf_val_ada_a" value="adaptable" />
  <parameter name="rf_p2_val_a" value="999" />
  <parameter name="cal_recipe_sel" value="NRZ_28Gbps_VSR" />
  <parameter name="rf_p2_val_b" value="999" />
  <parameter name="enable_shift16" value="true" />
  <parameter name="ing_fifo" value="2048" />
  <parameter name="XCVR_SET_USER_IDENTIFIER" value="0" />
  <parameter name="rf_p1_val_ada_b" value="adaptable" />
  <parameter name="enable_ptp_1step" value="false" />
  <parameter name="phy_identifier" value="0" />
  <parameter name="rf_reserved0_b" value="999" />
  <parameter name="gbit_only" value="true" />
  <parameter name="l_ctle_frz_a" value="999" />
  <parameter name="l_ctle_frz_b" value="999" />
  <parameter name="adpt_recipe_cnt" value="1" />
  <parameter name="adpt_recipe_select" value="0" />
  <parameter name="synchronizer_depth" value="3" />
  <parameter name="use_misc_ports" value="true" />
  <parameter name="XCVR_SET_CSR_SOFT_LOGIC_ENABLE" value="0" />
  <parameter name="ND_XCVR_SET_CAPABILITY_REG_ENABLE" value="0" />
  <parameter name="enable_hd_logic" value="true" />
  <parameter name="rf_p1_val_ada_a" value="adaptable" />
  <parameter name="ena_hash" value="false" />
  <parameter name="phyip_pll_base_data_rate" value="1250 Mbps" />
  <parameter name="ctle_hf_min_a" value="999" />
  <parameter name="rf_b1_a" value="999" />
  <parameter name="adpt_param_vals2_b" value="" />
  <parameter name="ctle_hf_min_b" value="999" />
  <parameter name="rf_b1_b" value="999" />
  <parameter name="adpt_param_vals2_a" value="" />
  <parameter name="nf_phyip_rcfg_enable" value="false" />
  <parameter name="adpt_param_vals6_b" value="" />
  <parameter name="adpt_param_vals6_a" value="" />
  <parameter name="rf_p2_val_ada_b" value="adaptable" />
  <parameter name="rf_p2_val_ada_a" value="adaptable" />
  <parameter name="ctle_lf_min_b" value="999" />
  <parameter name="DEVICE" value="AGFA012R24A2E2V" />
  <parameter name="ctle_lf_min_a" value="999" />
  <parameter name="rf_p1_max_b" value="999" />
  <parameter name="rf_p1_max_a" value="999" />
  <parameter name="rf_p1_val_b" value="999" />
  <parameter name="rf_p1_val_a" value="999" />
  <parameter name="XCVR_SET_PRBS_SOFT_LOGIC_ENABLE" value="0" />
  <parameter name="ctle_gs2_val_a" value="999" />
  <parameter name="rf_reserved0_a" value="999" />
  <parameter name="ctle_gs2_val_b" value="999" />
  <parameter name="rf_b0_ada_a" value="adaptable" />
  <parameter name="rf_b0_ada_b" value="adaptable" />
  <parameter name="enable_ena" value="32" />
  <parameter name="rf_p0_val_b" value="999" />
  <parameter name="ifGMII" value="MII_GMII" />
  <parameter name="use_mac_clken" value="false" />
  <parameter name="s10_xcvr_ip_name" value="" />
  <parameter name="adpt_recipe_data2" value="" />
  <parameter name="adpt_recipe_data1" value="" />
  <parameter name="max_channels" value="1" />
  <parameter name="rf_reserved1_a" value="999" />
  <parameter name="adpt_recipe_data0" value="" />
  <parameter name="nd_phyip_rcfg_enable" value="false" />
  <parameter name="rf_reserved1_b" value="999" />
  <parameter name="phyip_pll_type" value="CMU" />
  <parameter name="ND_XCVR_RCFG_JTAG_ENABLE" value="0" />
  <parameter name="ext_stat_cnt_ena" value="false" />
  <parameter name="adpt_recipe_data7" value="" />
  <parameter name="adpt_recipe_data6" value="" />
  <parameter name="adpt_recipe_data5" value="" />
  <parameter name="adpt_recipe_data4" value="" />
  <parameter name="adpt_recipe_data3" value="" />
  <parameter name="rf_p0_val_a" value="999" />
  <parameter name="deviceFamilyName" value="Agilex" />
  <parameter name="enable_alt_reconfig" value="false" />
  <parameter
     name="adpt_param_labels_b"
     value="GAINLF,GAINLF Fix/Adaptable,CTLE LF Min,CTLE LF Max,GAINHF,GAINHF Fix/Adaptable,CTLE HF Min,CTLE HF Max,RF_P2,RF_P2 Fix/Adaptable,RF_P2_MIN,RF_P2_MAX,RF_P1,RF_P1 Fix/Adaptable,RF_P1_MIN,RF_P1_MAX,Reserved 0,RF_P0,RF_P0 Fix/Adaptable,Reserved 1,RF_B0T,GS1,GS2,RF_B1,RF_B1 Fix/Adaptable,RF_B0,RF_B0 Fix/Adaptable,RF_A" />
  <parameter name="enable_timestamping" value="false" />
  <parameter name="adpt_multi_enable" value="1" />
  <parameter name="reduced_control" value="false" />
  <parameter name="enable_pma_adpt_disp" value="0" />
  <parameter
     name="adpt_param_labels_a"
     value="GAINLF,GAINLF Fix/Adaptable,CTLE LF Min,CTLE LF Max,GAINHF,GAINHF Fix/Adaptable,CTLE HF Min,CTLE HF Max,RF_P2,RF_P2 Fix/Adaptable,RF_P2_MIN,RF_P2_MAX,RF_P1,RF_P1 Fix/Adaptable,RF_P1_MIN,RF_P1_MAX,Reserved 0,RF_P0,RF_P0 Fix/Adaptable,Reserved 1,RF_B0T,GS1,GS2,RF_B1,RF_B1 Fix/Adaptable,RF_B0,RF_B0 Fix/Adaptable,RF_A" />
  <parameter name="rf_p0_val_ada_a" value="adaptable" />
  <parameter name="adpt_param_vals3_a" value="" />
  <parameter name="rf_p0_val_ada_b" value="adaptable" />
  <parameter name="adpt_param_vals3_b" value="" />
  <parameter name="export_pwrdn" value="false" />
  <parameter name="adpt_param_vals7_a" value="" />
  <parameter name="GEN_SYNTH" value="0" />
  <parameter name="DEV_BOARD" value="0" />
  <parameter name="part_trait_bd" value="FM6REVB" />
  <parameter name="adpt_param_vals7_b" value="" />
  <parameter name="rcp_load_enable" value="0" />
  <parameter name="rf_p2_min_a" value="999" />
  <parameter name="rf_p2_min_b" value="999" />
  <parameter name="AUTO_DEVICE_SPEEDGRADE" value="2" />
  <parameter name="dev_version" value="4869" />
  <parameter name="transceiver_type" value="NONE" />
  <parameter name="isUsePCS" value="false" />
  <parameter name="enable_lgth_check" value="true" />
  <parameter name="enable_deterministic_latency" value="false" />
  <parameter name="ND_XCVR_SET_CSR_SOFT_LOGIC_ENABLE" value="0" />
  <generatedFiles>
   <file
       path="C:\Users\dipal.halder\Desktop\sahara\NoC_paper\Designs\ip\design1\design1_eth_tse_0\altera_eth_tse_1950\synth\design1_eth_tse_0_altera_eth_tse_1950_5fwvngq.v"
       attributes="CONTAINS_INLINE_CONFIGURATION" />
  </generatedFiles>
  <childGeneratedFiles>
   <file
       path="C:\Users\dipal.halder\Desktop\sahara\NoC_paper\Designs\ip\design1\design1_eth_tse_0\altera_eth_tse_1950\synth\design1_eth_tse_0_altera_eth_tse_1950_5fwvngq.v"
       attributes="CONTAINS_INLINE_CONFIGURATION" />
  </childGeneratedFiles>
  <sourceFiles>
   <file
       path="C:/intelfpga_pro/21.3/ip/altera/ethernet/altera_eth_tse/altera_eth_tse_hw.tcl" />
  </sourceFiles>
  <childSourceFiles>
   <file
       path="C:/intelfpga_pro/21.3/ip/altera/ethernet/tse_ucores/altera_eth_tse_mac/altera_eth_tse_mac_hw.tcl" />
  </childSourceFiles>
  <instantiator instantiator="design1_eth_tse_0" as="eth_tse_0" />
  <messages>
   <message level="Info" culprit="design1_eth_tse_0">"Generating: design1_eth_tse_0_altera_eth_tse_1950_5fwvngq"</message>
   <message level="Info" culprit="design1_eth_tse_0">"Generating: altera_eth_tse_mac"</message>
  </messages>
 </entity>
 <entity kind="altera_eth_tse_mac" version="19.5.0" name="altera_eth_tse_mac">
  <parameter name="CORE_VERSION" value="4869" />
  <parameter name="CRC32GENDELAY" value="6" />
  <parameter name="ENABLE_GMII_LOOPBACK" value="false" />
  <parameter name="connect_to_pcs" value="false" />
  <parameter name="ENABLE_MAC_RX_VLAN" value="false" />
  <parameter name="DEVICE_FAMILY" value="AGILEX" />
  <parameter name="RAM_TYPE" value="AUTO" />
  <parameter name="ifGMII" value="MII_GMII" />
  <parameter name="use_mac_clken" value="false" />
  <parameter name="ENABLE_LGTH_CHECK" value="true" />
  <parameter name="MBIT_ONLY" value="true" />
  <parameter name="CUST_VERSION" value="0" />
  <parameter name="REDUCED_INTERFACE_ENA" value="false" />
  <parameter name="ENABLE_MDIO" value="false" />
  <parameter name="CRC32CHECK16BIT" value="0" />
  <parameter name="ING_ADDR" value="11" />
  <parameter name="CRC32S1L2_EXTERN" value="false" />
  <parameter name="ENABLE_MAC_TXADDR_SET" value="true" />
  <parameter name="connect_to_pcs2xtbi" value="false" />
  <parameter name="EG_FIFO" value="2048" />
  <parameter name="use_misc_ports" value="true" />
  <parameter name="INSERT_TA" value="false" />
  <parameter name="EG_ADDR" value="11" />
  <parameter name="STAT_CNT_ENA" value="true" />
  <parameter name="REDUCED_CONTROL" value="false" />
  <parameter name="GBIT_ONLY" value="true" />
  <parameter name="CRC32DWIDTH" value="8" />
  <parameter name="ENABLE_ENA" value="32" />
  <parameter name="ENA_HASH" value="false" />
  <parameter name="ENABLE_SUP_ADDR" value="false" />
  <parameter name="ENABLE_SHIFT16" value="true" />
  <parameter name="RESET_LEVEL" value="1" />
  <parameter name="ENABLE_MAGIC_DETECT" value="true" />
  <parameter name="USE_SYNC_RESET" value="true" />
  <parameter name="ING_FIFO" value="2048" />
  <parameter name="ENABLE_MAC_TX_VLAN" value="false" />
  <parameter name="ENABLE_EXTENDED_STAT_REG" value="false" />
  <parameter name="ENABLE_MAC_FLOW_CTRL" value="false" />
  <parameter name="ENABLE_PADDING" value="true" />
  <parameter name="SYNCHRONIZER_DEPTH" value="3" />
  <parameter name="ENABLE_ECC" value="false" />
  <parameter name="ENABLE_HD_LOGIC" value="true" />
  <parameter name="MDIO_CLK_DIV" value="40" />
  <generatedFiles>
   <file
       path="C:\Users\dipal.halder\Desktop\sahara\NoC_paper\Designs\ip\design1\design1_eth_tse_0\altera_eth_tse_mac_1950\synth\altera_eth_tse_mac.v"
       attributes="" />
   <file
       path="C:\Users\dipal.halder\Desktop\sahara\NoC_paper\Designs\ip\design1\design1_eth_tse_0\altera_eth_tse_mac_1950\synth\altera_tse_clk_cntl.v"
       attributes="" />
   <file
       path="C:\Users\dipal.halder\Desktop\sahara\NoC_paper\Designs\ip\design1\design1_eth_tse_0\altera_eth_tse_mac_1950\synth\altera_tse_crc328checker.v"
       attributes="" />
   <file
       path="C:\Users\dipal.halder\Desktop\sahara\NoC_paper\Designs\ip\design1\design1_eth_tse_0\altera_eth_tse_mac_1950\synth\altera_tse_crc328generator.v"
       attributes="" />
   <file
       path="C:\Users\dipal.halder\Desktop\sahara\NoC_paper\Designs\ip\design1\design1_eth_tse_0\altera_eth_tse_mac_1950\synth\altera_tse_crc32ctl8.v"
       attributes="" />
   <file
       path="C:\Users\dipal.halder\Desktop\sahara\NoC_paper\Designs\ip\design1\design1_eth_tse_0\altera_eth_tse_mac_1950\synth\altera_tse_crc32galois8.v"
       attributes="" />
   <file
       path="C:\Users\dipal.halder\Desktop\sahara\NoC_paper\Designs\ip\design1\design1_eth_tse_0\altera_eth_tse_mac_1950\synth\altera_tse_gmii_io.v"
       attributes="" />
   <file
       path="C:\Users\dipal.halder\Desktop\sahara\NoC_paper\Designs\ip\design1\design1_eth_tse_0\altera_eth_tse_mac_1950\synth\altera_tse_lb_read_cntl.v"
       attributes="" />
   <file
       path="C:\Users\dipal.halder\Desktop\sahara\NoC_paper\Designs\ip\design1\design1_eth_tse_0\altera_eth_tse_mac_1950\synth\altera_tse_lb_wrt_cntl.v"
       attributes="" />
   <file
       path="C:\Users\dipal.halder\Desktop\sahara\NoC_paper\Designs\ip\design1\design1_eth_tse_0\altera_eth_tse_mac_1950\synth\altera_tse_hashing.v"
       attributes="" />
   <file
       path="C:\Users\dipal.halder\Desktop\sahara\NoC_paper\Designs\ip\design1\design1_eth_tse_0\altera_eth_tse_mac_1950\synth\altera_tse_host_control.v"
       attributes="" />
   <file
       path="C:\Users\dipal.halder\Desktop\sahara\NoC_paper\Designs\ip\design1\design1_eth_tse_0\altera_eth_tse_mac_1950\synth\altera_tse_host_control_small.v"
       attributes="" />
   <file
       path="C:\Users\dipal.halder\Desktop\sahara\NoC_paper\Designs\ip\design1\design1_eth_tse_0\altera_eth_tse_mac_1950\synth\altera_tse_mac_control.v"
       attributes="" />
   <file
       path="C:\Users\dipal.halder\Desktop\sahara\NoC_paper\Designs\ip\design1\design1_eth_tse_0\altera_eth_tse_mac_1950\synth\altera_tse_register_map.v"
       attributes="" />
   <file
       path="C:\Users\dipal.halder\Desktop\sahara\NoC_paper\Designs\ip\design1\design1_eth_tse_0\altera_eth_tse_mac_1950\synth\altera_tse_register_map_small.v"
       attributes="" />
   <file
       path="C:\Users\dipal.halder\Desktop\sahara\NoC_paper\Designs\ip\design1\design1_eth_tse_0\altera_eth_tse_mac_1950\synth\altera_tse_rx_counter_cntl.v"
       attributes="" />
   <file
       path="C:\Users\dipal.halder\Desktop\sahara\NoC_paper\Designs\ip\design1\design1_eth_tse_0\altera_eth_tse_mac_1950\synth\altera_tse_shared_mac_control.v"
       attributes="" />
   <file
       path="C:\Users\dipal.halder\Desktop\sahara\NoC_paper\Designs\ip\design1\design1_eth_tse_0\altera_eth_tse_mac_1950\synth\altera_tse_shared_register_map.v"
       attributes="" />
   <file
       path="C:\Users\dipal.halder\Desktop\sahara\NoC_paper\Designs\ip\design1\design1_eth_tse_0\altera_eth_tse_mac_1950\synth\altera_tse_tx_counter_cntl.v"
       attributes="" />
   <file
       path="C:\Users\dipal.halder\Desktop\sahara\NoC_paper\Designs\ip\design1\design1_eth_tse_0\altera_eth_tse_mac_1950\synth\altera_tse_lfsr_10.v"
       attributes="" />
   <file
       path="C:\Users\dipal.halder\Desktop\sahara\NoC_paper\Designs\ip\design1\design1_eth_tse_0\altera_eth_tse_mac_1950\synth\altera_tse_loopback_ff.v"
       attributes="" />
   <file
       path="C:\Users\dipal.halder\Desktop\sahara\NoC_paper\Designs\ip\design1\design1_eth_tse_0\altera_eth_tse_mac_1950\synth\altera_tse_altshifttaps.v"
       attributes="" />
   <file
       path="C:\Users\dipal.halder\Desktop\sahara\NoC_paper\Designs\ip\design1\design1_eth_tse_0\altera_eth_tse_mac_1950\synth\altera_tse_fifoless_mac_rx.v"
       attributes="" />
   <file
       path="C:\Users\dipal.halder\Desktop\sahara\NoC_paper\Designs\ip\design1\design1_eth_tse_0\altera_eth_tse_mac_1950\synth\altera_tse_mac_rx.v"
       attributes="" />
   <file
       path="C:\Users\dipal.halder\Desktop\sahara\NoC_paper\Designs\ip\design1\design1_eth_tse_0\altera_eth_tse_mac_1950\synth\altera_tse_fifoless_mac_tx.v"
       attributes="" />
   <file
       path="C:\Users\dipal.halder\Desktop\sahara\NoC_paper\Designs\ip\design1\design1_eth_tse_0\altera_eth_tse_mac_1950\synth\altera_tse_mac_tx.v"
       attributes="" />
   <file
       path="C:\Users\dipal.halder\Desktop\sahara\NoC_paper\Designs\ip\design1\design1_eth_tse_0\altera_eth_tse_mac_1950\synth\altera_tse_magic_detection.v"
       attributes="" />
   <file
       path="C:\Users\dipal.halder\Desktop\sahara\NoC_paper\Designs\ip\design1\design1_eth_tse_0\altera_eth_tse_mac_1950\synth\altera_tse_mdio.v"
       attributes="" />
   <file
       path="C:\Users\dipal.halder\Desktop\sahara\NoC_paper\Designs\ip\design1\design1_eth_tse_0\altera_eth_tse_mac_1950\synth\altera_tse_mdio_clk_gen.v"
       attributes="" />
   <file
       path="C:\Users\dipal.halder\Desktop\sahara\NoC_paper\Designs\ip\design1\design1_eth_tse_0\altera_eth_tse_mac_1950\synth\altera_tse_mdio_cntl.v"
       attributes="" />
   <file
       path="C:\Users\dipal.halder\Desktop\sahara\NoC_paper\Designs\ip\design1\design1_eth_tse_0\altera_eth_tse_mac_1950\synth\altera_tse_top_mdio.v"
       attributes="" />
   <file
       path="C:\Users\dipal.halder\Desktop\sahara\NoC_paper\Designs\ip\design1\design1_eth_tse_0\altera_eth_tse_mac_1950\synth\altera_tse_mii_rx_if.v"
       attributes="" />
   <file
       path="C:\Users\dipal.halder\Desktop\sahara\NoC_paper\Designs\ip\design1\design1_eth_tse_0\altera_eth_tse_mac_1950\synth\altera_tse_mii_tx_if.v"
       attributes="" />
   <file
       path="C:\Users\dipal.halder\Desktop\sahara\NoC_paper\Designs\ip\design1\design1_eth_tse_0\altera_eth_tse_mac_1950\synth\altera_tse_pipeline_base.v"
       attributes="" />
   <file
       path="C:\Users\dipal.halder\Desktop\sahara\NoC_paper\Designs\ip\design1\design1_eth_tse_0\altera_eth_tse_mac_1950\synth\altera_tse_pipeline_stage.sv"
       attributes="" />
   <file
       path="C:\Users\dipal.halder\Desktop\sahara\NoC_paper\Designs\ip\design1\design1_eth_tse_0\altera_eth_tse_mac_1950\synth\altera_tse_dpram16_soft_ecc_x36_wrapper.v"
       attributes="" />
   <file
       path="C:\Users\dipal.halder\Desktop\sahara\NoC_paper\Designs\ip\design1\design1_eth_tse_0\altera_eth_tse_mac_1950\synth\altera_tse_dpram_16x43.v"
       attributes="" />
   <file
       path="C:\Users\dipal.halder\Desktop\sahara\NoC_paper\Designs\ip\design1\design1_eth_tse_0\altera_eth_tse_mac_1950\synth\altera_tse_dpram_16x32.v"
       attributes="" />
   <file
       path="C:\Users\dipal.halder\Desktop\sahara\NoC_paper\Designs\ip\design1\design1_eth_tse_0\altera_eth_tse_mac_1950\synth\altera_tse_dpram_8x32.v"
       attributes="" />
   <file
       path="C:\Users\dipal.halder\Desktop\sahara\NoC_paper\Designs\ip\design1\design1_eth_tse_0\altera_eth_tse_mac_1950\synth\altera_tse_dpram_ecc_16x32.v"
       attributes="" />
   <file
       path="C:\Users\dipal.halder\Desktop\sahara\NoC_paper\Designs\ip\design1\design1_eth_tse_0\altera_eth_tse_mac_1950\synth\altera_tse_fifoless_retransmit_cntl.v"
       attributes="" />
   <file
       path="C:\Users\dipal.halder\Desktop\sahara\NoC_paper\Designs\ip\design1\design1_eth_tse_0\altera_eth_tse_mac_1950\synth\altera_tse_retransmit_cntl.v"
       attributes="" />
   <file
       path="C:\Users\dipal.halder\Desktop\sahara\NoC_paper\Designs\ip\design1\design1_eth_tse_0\altera_eth_tse_mac_1950\synth\altera_tse_rgmii_in1.v"
       attributes="" />
   <file
       path="C:\Users\dipal.halder\Desktop\sahara\NoC_paper\Designs\ip\design1\design1_eth_tse_0\altera_eth_tse_mac_1950\synth\altera_tse_rgmii_in4.v"
       attributes="" />
   <file
       path="C:\Users\dipal.halder\Desktop\sahara\NoC_paper\Designs\ip\design1\design1_eth_tse_0\altera_eth_tse_mac_1950\synth\altera_tse_nf_rgmii_module.v"
       attributes="" />
   <file
       path="C:\Users\dipal.halder\Desktop\sahara\NoC_paper\Designs\ip\design1\design1_eth_tse_0\altera_eth_tse_mac_1950\synth\altera_tse_rgmii_module.v"
       attributes="" />
   <file
       path="C:\Users\dipal.halder\Desktop\sahara\NoC_paper\Designs\ip\design1\design1_eth_tse_0\altera_eth_tse_mac_1950\synth\altera_tse_rgmii_out1.v"
       attributes="" />
   <file
       path="C:\Users\dipal.halder\Desktop\sahara\NoC_paper\Designs\ip\design1\design1_eth_tse_0\altera_eth_tse_mac_1950\synth\altera_tse_rgmii_out4.v"
       attributes="" />
   <file
       path="C:\Users\dipal.halder\Desktop\sahara\NoC_paper\Designs\ip\design1\design1_eth_tse_0\altera_eth_tse_mac_1950\synth\altera_tse_rx_ff.v"
       attributes="" />
   <file
       path="C:\Users\dipal.halder\Desktop\sahara\NoC_paper\Designs\ip\design1\design1_eth_tse_0\altera_eth_tse_mac_1950\synth\altera_tse_rx_min_ff.v"
       attributes="" />
   <file
       path="C:\Users\dipal.halder\Desktop\sahara\NoC_paper\Designs\ip\design1\design1_eth_tse_0\altera_eth_tse_mac_1950\synth\altera_tse_rx_ff_cntrl.v"
       attributes="" />
   <file
       path="C:\Users\dipal.halder\Desktop\sahara\NoC_paper\Designs\ip\design1\design1_eth_tse_0\altera_eth_tse_mac_1950\synth\altera_tse_rx_ff_cntrl_32.v"
       attributes="" />
   <file
       path="C:\Users\dipal.halder\Desktop\sahara\NoC_paper\Designs\ip\design1\design1_eth_tse_0\altera_eth_tse_mac_1950\synth\altera_tse_rx_ff_cntrl_32_shift16.v"
       attributes="" />
   <file
       path="C:\Users\dipal.halder\Desktop\sahara\NoC_paper\Designs\ip\design1\design1_eth_tse_0\altera_eth_tse_mac_1950\synth\altera_tse_rx_ff_length.v"
       attributes="" />
   <file
       path="C:\Users\dipal.halder\Desktop\sahara\NoC_paper\Designs\ip\design1\design1_eth_tse_0\altera_eth_tse_mac_1950\synth\altera_tse_rx_stat_extract.v"
       attributes="" />
   <file
       path="C:\Users\dipal.halder\Desktop\sahara\NoC_paper\Designs\ip\design1\design1_eth_tse_0\altera_eth_tse_mac_1950\synth\altera_tse_timing_adapter32.v"
       attributes="" />
   <file
       path="C:\Users\dipal.halder\Desktop\sahara\NoC_paper\Designs\ip\design1\design1_eth_tse_0\altera_eth_tse_mac_1950\synth\altera_tse_timing_adapter8.v"
       attributes="" />
   <file
       path="C:\Users\dipal.halder\Desktop\sahara\NoC_paper\Designs\ip\design1\design1_eth_tse_0\altera_eth_tse_mac_1950\synth\altera_tse_timing_adapter_fifo32.v"
       attributes="" />
   <file
       path="C:\Users\dipal.halder\Desktop\sahara\NoC_paper\Designs\ip\design1\design1_eth_tse_0\altera_eth_tse_mac_1950\synth\altera_tse_timing_adapter_fifo8.v"
       attributes="" />
   <file
       path="C:\Users\dipal.halder\Desktop\sahara\NoC_paper\Designs\ip\design1\design1_eth_tse_0\altera_eth_tse_mac_1950\synth\altera_tse_top_1geth.v"
       attributes="" />
   <file
       path="C:\Users\dipal.halder\Desktop\sahara\NoC_paper\Designs\ip\design1\design1_eth_tse_0\altera_eth_tse_mac_1950\synth\altera_tse_top_fifoless_1geth.v"
       attributes="" />
   <file
       path="C:\Users\dipal.halder\Desktop\sahara\NoC_paper\Designs\ip\design1\design1_eth_tse_0\altera_eth_tse_mac_1950\synth\altera_tse_top_w_fifo.v"
       attributes="" />
   <file
       path="C:\Users\dipal.halder\Desktop\sahara\NoC_paper\Designs\ip\design1\design1_eth_tse_0\altera_eth_tse_mac_1950\synth\altera_tse_top_w_fifo_10_100_1000.v"
       attributes="" />
   <file
       path="C:\Users\dipal.halder\Desktop\sahara\NoC_paper\Designs\ip\design1\design1_eth_tse_0\altera_eth_tse_mac_1950\synth\altera_tse_top_wo_fifo.v"
       attributes="" />
   <file
       path="C:\Users\dipal.halder\Desktop\sahara\NoC_paper\Designs\ip\design1\design1_eth_tse_0\altera_eth_tse_mac_1950\synth\altera_tse_top_wo_fifo_10_100_1000.v"
       attributes="" />
   <file
       path="C:\Users\dipal.halder\Desktop\sahara\NoC_paper\Designs\ip\design1\design1_eth_tse_0\altera_eth_tse_mac_1950\synth\altera_tse_top_gen_host.v"
       attributes="" />
   <file
       path="C:\Users\dipal.halder\Desktop\sahara\NoC_paper\Designs\ip\design1\design1_eth_tse_0\altera_eth_tse_mac_1950\synth\altera_tse_tx_ff.v"
       attributes="" />
   <file
       path="C:\Users\dipal.halder\Desktop\sahara\NoC_paper\Designs\ip\design1\design1_eth_tse_0\altera_eth_tse_mac_1950\synth\altera_tse_tx_min_ff.v"
       attributes="" />
   <file
       path="C:\Users\dipal.halder\Desktop\sahara\NoC_paper\Designs\ip\design1\design1_eth_tse_0\altera_eth_tse_mac_1950\synth\altera_tse_tx_ff_cntrl.v"
       attributes="" />
   <file
       path="C:\Users\dipal.halder\Desktop\sahara\NoC_paper\Designs\ip\design1\design1_eth_tse_0\altera_eth_tse_mac_1950\synth\altera_tse_tx_ff_cntrl_32.v"
       attributes="" />
   <file
       path="C:\Users\dipal.halder\Desktop\sahara\NoC_paper\Designs\ip\design1\design1_eth_tse_0\altera_eth_tse_mac_1950\synth\altera_tse_tx_ff_cntrl_32_shift16.v"
       attributes="" />
   <file
       path="C:\Users\dipal.halder\Desktop\sahara\NoC_paper\Designs\ip\design1\design1_eth_tse_0\altera_eth_tse_mac_1950\synth\altera_tse_tx_ff_length.v"
       attributes="" />
   <file
       path="C:\Users\dipal.halder\Desktop\sahara\NoC_paper\Designs\ip\design1\design1_eth_tse_0\altera_eth_tse_mac_1950\synth\altera_tse_tx_ff_read_cntl.v"
       attributes="" />
   <file
       path="C:\Users\dipal.halder\Desktop\sahara\NoC_paper\Designs\ip\design1\design1_eth_tse_0\altera_eth_tse_mac_1950\synth\altera_tse_tx_stat_extract.v"
       attributes="" />
   <file
       path="C:\Users\dipal.halder\Desktop\sahara\NoC_paper\Designs\ip\design1\design1_eth_tse_0\altera_eth_tse_mac_1950\synth\altera_eth_tse_std_synchronizer.v"
       attributes="" />
   <file
       path="C:\Users\dipal.halder\Desktop\sahara\NoC_paper\Designs\ip\design1\design1_eth_tse_0\altera_eth_tse_mac_1950\synth\altera_eth_tse_std_synchronizer_bundle.v"
       attributes="" />
   <file
       path="C:\Users\dipal.halder\Desktop\sahara\NoC_paper\Designs\ip\design1\design1_eth_tse_0\altera_eth_tse_mac_1950\synth\altera_eth_tse_ptp_std_synchronizer.v"
       attributes="" />
   <file
       path="C:\Users\dipal.halder\Desktop\sahara\NoC_paper\Designs\ip\design1\design1_eth_tse_0\altera_eth_tse_mac_1950\synth\altera_tse_false_path_marker.v"
       attributes="" />
   <file
       path="C:\Users\dipal.halder\Desktop\sahara\NoC_paper\Designs\ip\design1\design1_eth_tse_0\altera_eth_tse_mac_1950\synth\altera_tse_reset_synchronizer.v"
       attributes="" />
   <file
       path="C:\Users\dipal.halder\Desktop\sahara\NoC_paper\Designs\ip\design1\design1_eth_tse_0\altera_eth_tse_mac_1950\synth\altera_tse_clock_crosser.v"
       attributes="" />
   <file
       path="C:\Users\dipal.halder\Desktop\sahara\NoC_paper\Designs\ip\design1\design1_eth_tse_0\altera_eth_tse_mac_1950\synth\altera_tse_a_fifo_13.v"
       attributes="" />
   <file
       path="C:\Users\dipal.halder\Desktop\sahara\NoC_paper\Designs\ip\design1\design1_eth_tse_0\altera_eth_tse_mac_1950\synth\altera_tse_a_fifo_24.v"
       attributes="" />
   <file
       path="C:\Users\dipal.halder\Desktop\sahara\NoC_paper\Designs\ip\design1\design1_eth_tse_0\altera_eth_tse_mac_1950\synth\altera_tse_a_fifo_34.v"
       attributes="" />
   <file
       path="C:\Users\dipal.halder\Desktop\sahara\NoC_paper\Designs\ip\design1\design1_eth_tse_0\altera_eth_tse_mac_1950\synth\altera_tse_a_fifo_opt_1246.v"
       attributes="" />
   <file
       path="C:\Users\dipal.halder\Desktop\sahara\NoC_paper\Designs\ip\design1\design1_eth_tse_0\altera_eth_tse_mac_1950\synth\altera_tse_a_fifo_opt_14_44.v"
       attributes="" />
   <file
       path="C:\Users\dipal.halder\Desktop\sahara\NoC_paper\Designs\ip\design1\design1_eth_tse_0\altera_eth_tse_mac_1950\synth\altera_tse_a_fifo_opt_36_10.v"
       attributes="" />
   <file
       path="C:\Users\dipal.halder\Desktop\sahara\NoC_paper\Designs\ip\design1\design1_eth_tse_0\altera_eth_tse_mac_1950\synth\altera_tse_gray_cnt.v"
       attributes="" />
   <file
       path="C:\Users\dipal.halder\Desktop\sahara\NoC_paper\Designs\ip\design1\design1_eth_tse_0\altera_eth_tse_mac_1950\synth\altera_tse_sdpm_altsyncram.v"
       attributes="" />
   <file
       path="C:\Users\dipal.halder\Desktop\sahara\NoC_paper\Designs\ip\design1\design1_eth_tse_0\altera_eth_tse_mac_1950\synth\altera_tse_altsyncram_dpm_fifo.v"
       attributes="" />
   <file
       path="C:\Users\dipal.halder\Desktop\sahara\NoC_paper\Designs\ip\design1\design1_eth_tse_0\altera_eth_tse_mac_1950\synth\altera_tse_bin_cnt.v"
       attributes="" />
   <file
       path="C:\Users\dipal.halder\Desktop\sahara\NoC_paper\Designs\ip\design1\design1_eth_tse_0\altera_eth_tse_mac_1950\synth\altera_tse_ph_calculator.sv"
       attributes="" />
   <file
       path="C:\Users\dipal.halder\Desktop\sahara\NoC_paper\Designs\ip\design1\design1_eth_tse_0\altera_eth_tse_mac_1950\synth\altera_tse_sdpm_gen.v"
       attributes="" />
   <file
       path="C:\Users\dipal.halder\Desktop\sahara\NoC_paper\Designs\ip\design1\design1_eth_tse_0\altera_eth_tse_mac_1950\synth\altera_tse_ecc_dec_x10.v"
       attributes="" />
   <file
       path="C:\Users\dipal.halder\Desktop\sahara\NoC_paper\Designs\ip\design1\design1_eth_tse_0\altera_eth_tse_mac_1950\synth\altera_tse_ecc_enc_x10.v"
       attributes="" />
   <file
       path="C:\Users\dipal.halder\Desktop\sahara\NoC_paper\Designs\ip\design1\design1_eth_tse_0\altera_eth_tse_mac_1950\synth\altera_tse_ecc_enc_x10_wrapper.v"
       attributes="" />
   <file
       path="C:\Users\dipal.halder\Desktop\sahara\NoC_paper\Designs\ip\design1\design1_eth_tse_0\altera_eth_tse_mac_1950\synth\altera_tse_ecc_dec_x14.v"
       attributes="" />
   <file
       path="C:\Users\dipal.halder\Desktop\sahara\NoC_paper\Designs\ip\design1\design1_eth_tse_0\altera_eth_tse_mac_1950\synth\altera_tse_ecc_enc_x14.v"
       attributes="" />
   <file
       path="C:\Users\dipal.halder\Desktop\sahara\NoC_paper\Designs\ip\design1\design1_eth_tse_0\altera_eth_tse_mac_1950\synth\altera_tse_ecc_enc_x14_wrapper.v"
       attributes="" />
   <file
       path="C:\Users\dipal.halder\Desktop\sahara\NoC_paper\Designs\ip\design1\design1_eth_tse_0\altera_eth_tse_mac_1950\synth\altera_tse_ecc_dec_x2.v"
       attributes="" />
   <file
       path="C:\Users\dipal.halder\Desktop\sahara\NoC_paper\Designs\ip\design1\design1_eth_tse_0\altera_eth_tse_mac_1950\synth\altera_tse_ecc_enc_x2.v"
       attributes="" />
   <file
       path="C:\Users\dipal.halder\Desktop\sahara\NoC_paper\Designs\ip\design1\design1_eth_tse_0\altera_eth_tse_mac_1950\synth\altera_tse_ecc_enc_x2_wrapper.v"
       attributes="" />
   <file
       path="C:\Users\dipal.halder\Desktop\sahara\NoC_paper\Designs\ip\design1\design1_eth_tse_0\altera_eth_tse_mac_1950\synth\altera_tse_ecc_dec_x23.v"
       attributes="" />
   <file
       path="C:\Users\dipal.halder\Desktop\sahara\NoC_paper\Designs\ip\design1\design1_eth_tse_0\altera_eth_tse_mac_1950\synth\altera_tse_ecc_enc_x23.v"
       attributes="" />
   <file
       path="C:\Users\dipal.halder\Desktop\sahara\NoC_paper\Designs\ip\design1\design1_eth_tse_0\altera_eth_tse_mac_1950\synth\altera_tse_ecc_enc_x23_wrapper.v"
       attributes="" />
   <file
       path="C:\Users\dipal.halder\Desktop\sahara\NoC_paper\Designs\ip\design1\design1_eth_tse_0\altera_eth_tse_mac_1950\synth\altera_tse_ecc_dec_x36.v"
       attributes="" />
   <file
       path="C:\Users\dipal.halder\Desktop\sahara\NoC_paper\Designs\ip\design1\design1_eth_tse_0\altera_eth_tse_mac_1950\synth\altera_tse_ecc_enc_x36.v"
       attributes="" />
   <file
       path="C:\Users\dipal.halder\Desktop\sahara\NoC_paper\Designs\ip\design1\design1_eth_tse_0\altera_eth_tse_mac_1950\synth\altera_tse_ecc_enc_x36_wrapper.v"
       attributes="" />
   <file
       path="C:\Users\dipal.halder\Desktop\sahara\NoC_paper\Designs\ip\design1\design1_eth_tse_0\altera_eth_tse_mac_1950\synth\altera_tse_ecc_dec_x40.v"
       attributes="" />
   <file
       path="C:\Users\dipal.halder\Desktop\sahara\NoC_paper\Designs\ip\design1\design1_eth_tse_0\altera_eth_tse_mac_1950\synth\altera_tse_ecc_enc_x40.v"
       attributes="" />
   <file
       path="C:\Users\dipal.halder\Desktop\sahara\NoC_paper\Designs\ip\design1\design1_eth_tse_0\altera_eth_tse_mac_1950\synth\altera_tse_ecc_enc_x40_wrapper.v"
       attributes="" />
   <file
       path="C:\Users\dipal.halder\Desktop\sahara\NoC_paper\Designs\ip\design1\design1_eth_tse_0\altera_eth_tse_mac_1950\synth\altera_tse_ecc_dec_x30.v"
       attributes="" />
   <file
       path="C:\Users\dipal.halder\Desktop\sahara\NoC_paper\Designs\ip\design1\design1_eth_tse_0\altera_eth_tse_mac_1950\synth\altera_tse_ecc_enc_x30.v"
       attributes="" />
   <file
       path="C:\Users\dipal.halder\Desktop\sahara\NoC_paper\Designs\ip\design1\design1_eth_tse_0\altera_eth_tse_mac_1950\synth\altera_tse_ecc_enc_x30_wrapper.v"
       attributes="" />
   <file
       path="C:\Users\dipal.halder\Desktop\sahara\NoC_paper\Designs\ip\design1\design1_eth_tse_0\altera_eth_tse_mac_1950\synth\altera_tse_ecc_status_crosser.v"
       attributes="" />
   <file
       path="C:\Users\dipal.halder\Desktop\sahara\NoC_paper\Designs\ip\design1\design1_eth_tse_0\altera_eth_tse_mac_1950\synth\altera_tse_top_wo_fifo_10_100_1000.ocp"
       attributes="" />
   <file
       path="C:\Users\dipal.halder\Desktop\sahara\NoC_paper\Designs\ip\design1\design1_eth_tse_0\altera_eth_tse_mac_1950\synth\altera_tse_top_w_fifo_10_100_1000.ocp"
       attributes="" />
   <file
       path="C:\Users\dipal.halder\Desktop\sahara\NoC_paper\Designs\ip\design1\design1_eth_tse_0\altera_eth_tse_mac_1950\synth\altera_std_synchronizer_nocut.v"
       attributes="" />
   <file
       path="C:\Users\dipal.halder\Desktop\sahara\NoC_paper\Designs\ip\design1\design1_eth_tse_0\altera_eth_tse_mac_1950\synth\altera_eth_tse_mac.sdc"
       attributes="NO_AUTO_INSTANCE_DISCOVERY NO_SDC_PROMOTION" />
  </generatedFiles>
  <childGeneratedFiles>
   <file
       path="C:\Users\dipal.halder\Desktop\sahara\NoC_paper\Designs\ip\design1\design1_eth_tse_0\altera_eth_tse_mac_1950\synth\altera_eth_tse_mac.v"
       attributes="" />
   <file
       path="C:\Users\dipal.halder\Desktop\sahara\NoC_paper\Designs\ip\design1\design1_eth_tse_0\altera_eth_tse_mac_1950\synth\altera_tse_clk_cntl.v"
       attributes="" />
   <file
       path="C:\Users\dipal.halder\Desktop\sahara\NoC_paper\Designs\ip\design1\design1_eth_tse_0\altera_eth_tse_mac_1950\synth\altera_tse_crc328checker.v"
       attributes="" />
   <file
       path="C:\Users\dipal.halder\Desktop\sahara\NoC_paper\Designs\ip\design1\design1_eth_tse_0\altera_eth_tse_mac_1950\synth\altera_tse_crc328generator.v"
       attributes="" />
   <file
       path="C:\Users\dipal.halder\Desktop\sahara\NoC_paper\Designs\ip\design1\design1_eth_tse_0\altera_eth_tse_mac_1950\synth\altera_tse_crc32ctl8.v"
       attributes="" />
   <file
       path="C:\Users\dipal.halder\Desktop\sahara\NoC_paper\Designs\ip\design1\design1_eth_tse_0\altera_eth_tse_mac_1950\synth\altera_tse_crc32galois8.v"
       attributes="" />
   <file
       path="C:\Users\dipal.halder\Desktop\sahara\NoC_paper\Designs\ip\design1\design1_eth_tse_0\altera_eth_tse_mac_1950\synth\altera_tse_gmii_io.v"
       attributes="" />
   <file
       path="C:\Users\dipal.halder\Desktop\sahara\NoC_paper\Designs\ip\design1\design1_eth_tse_0\altera_eth_tse_mac_1950\synth\altera_tse_lb_read_cntl.v"
       attributes="" />
   <file
       path="C:\Users\dipal.halder\Desktop\sahara\NoC_paper\Designs\ip\design1\design1_eth_tse_0\altera_eth_tse_mac_1950\synth\altera_tse_lb_wrt_cntl.v"
       attributes="" />
   <file
       path="C:\Users\dipal.halder\Desktop\sahara\NoC_paper\Designs\ip\design1\design1_eth_tse_0\altera_eth_tse_mac_1950\synth\altera_tse_hashing.v"
       attributes="" />
   <file
       path="C:\Users\dipal.halder\Desktop\sahara\NoC_paper\Designs\ip\design1\design1_eth_tse_0\altera_eth_tse_mac_1950\synth\altera_tse_host_control.v"
       attributes="" />
   <file
       path="C:\Users\dipal.halder\Desktop\sahara\NoC_paper\Designs\ip\design1\design1_eth_tse_0\altera_eth_tse_mac_1950\synth\altera_tse_host_control_small.v"
       attributes="" />
   <file
       path="C:\Users\dipal.halder\Desktop\sahara\NoC_paper\Designs\ip\design1\design1_eth_tse_0\altera_eth_tse_mac_1950\synth\altera_tse_mac_control.v"
       attributes="" />
   <file
       path="C:\Users\dipal.halder\Desktop\sahara\NoC_paper\Designs\ip\design1\design1_eth_tse_0\altera_eth_tse_mac_1950\synth\altera_tse_register_map.v"
       attributes="" />
   <file
       path="C:\Users\dipal.halder\Desktop\sahara\NoC_paper\Designs\ip\design1\design1_eth_tse_0\altera_eth_tse_mac_1950\synth\altera_tse_register_map_small.v"
       attributes="" />
   <file
       path="C:\Users\dipal.halder\Desktop\sahara\NoC_paper\Designs\ip\design1\design1_eth_tse_0\altera_eth_tse_mac_1950\synth\altera_tse_rx_counter_cntl.v"
       attributes="" />
   <file
       path="C:\Users\dipal.halder\Desktop\sahara\NoC_paper\Designs\ip\design1\design1_eth_tse_0\altera_eth_tse_mac_1950\synth\altera_tse_shared_mac_control.v"
       attributes="" />
   <file
       path="C:\Users\dipal.halder\Desktop\sahara\NoC_paper\Designs\ip\design1\design1_eth_tse_0\altera_eth_tse_mac_1950\synth\altera_tse_shared_register_map.v"
       attributes="" />
   <file
       path="C:\Users\dipal.halder\Desktop\sahara\NoC_paper\Designs\ip\design1\design1_eth_tse_0\altera_eth_tse_mac_1950\synth\altera_tse_tx_counter_cntl.v"
       attributes="" />
   <file
       path="C:\Users\dipal.halder\Desktop\sahara\NoC_paper\Designs\ip\design1\design1_eth_tse_0\altera_eth_tse_mac_1950\synth\altera_tse_lfsr_10.v"
       attributes="" />
   <file
       path="C:\Users\dipal.halder\Desktop\sahara\NoC_paper\Designs\ip\design1\design1_eth_tse_0\altera_eth_tse_mac_1950\synth\altera_tse_loopback_ff.v"
       attributes="" />
   <file
       path="C:\Users\dipal.halder\Desktop\sahara\NoC_paper\Designs\ip\design1\design1_eth_tse_0\altera_eth_tse_mac_1950\synth\altera_tse_altshifttaps.v"
       attributes="" />
   <file
       path="C:\Users\dipal.halder\Desktop\sahara\NoC_paper\Designs\ip\design1\design1_eth_tse_0\altera_eth_tse_mac_1950\synth\altera_tse_fifoless_mac_rx.v"
       attributes="" />
   <file
       path="C:\Users\dipal.halder\Desktop\sahara\NoC_paper\Designs\ip\design1\design1_eth_tse_0\altera_eth_tse_mac_1950\synth\altera_tse_mac_rx.v"
       attributes="" />
   <file
       path="C:\Users\dipal.halder\Desktop\sahara\NoC_paper\Designs\ip\design1\design1_eth_tse_0\altera_eth_tse_mac_1950\synth\altera_tse_fifoless_mac_tx.v"
       attributes="" />
   <file
       path="C:\Users\dipal.halder\Desktop\sahara\NoC_paper\Designs\ip\design1\design1_eth_tse_0\altera_eth_tse_mac_1950\synth\altera_tse_mac_tx.v"
       attributes="" />
   <file
       path="C:\Users\dipal.halder\Desktop\sahara\NoC_paper\Designs\ip\design1\design1_eth_tse_0\altera_eth_tse_mac_1950\synth\altera_tse_magic_detection.v"
       attributes="" />
   <file
       path="C:\Users\dipal.halder\Desktop\sahara\NoC_paper\Designs\ip\design1\design1_eth_tse_0\altera_eth_tse_mac_1950\synth\altera_tse_mdio.v"
       attributes="" />
   <file
       path="C:\Users\dipal.halder\Desktop\sahara\NoC_paper\Designs\ip\design1\design1_eth_tse_0\altera_eth_tse_mac_1950\synth\altera_tse_mdio_clk_gen.v"
       attributes="" />
   <file
       path="C:\Users\dipal.halder\Desktop\sahara\NoC_paper\Designs\ip\design1\design1_eth_tse_0\altera_eth_tse_mac_1950\synth\altera_tse_mdio_cntl.v"
       attributes="" />
   <file
       path="C:\Users\dipal.halder\Desktop\sahara\NoC_paper\Designs\ip\design1\design1_eth_tse_0\altera_eth_tse_mac_1950\synth\altera_tse_top_mdio.v"
       attributes="" />
   <file
       path="C:\Users\dipal.halder\Desktop\sahara\NoC_paper\Designs\ip\design1\design1_eth_tse_0\altera_eth_tse_mac_1950\synth\altera_tse_mii_rx_if.v"
       attributes="" />
   <file
       path="C:\Users\dipal.halder\Desktop\sahara\NoC_paper\Designs\ip\design1\design1_eth_tse_0\altera_eth_tse_mac_1950\synth\altera_tse_mii_tx_if.v"
       attributes="" />
   <file
       path="C:\Users\dipal.halder\Desktop\sahara\NoC_paper\Designs\ip\design1\design1_eth_tse_0\altera_eth_tse_mac_1950\synth\altera_tse_pipeline_base.v"
       attributes="" />
   <file
       path="C:\Users\dipal.halder\Desktop\sahara\NoC_paper\Designs\ip\design1\design1_eth_tse_0\altera_eth_tse_mac_1950\synth\altera_tse_pipeline_stage.sv"
       attributes="" />
   <file
       path="C:\Users\dipal.halder\Desktop\sahara\NoC_paper\Designs\ip\design1\design1_eth_tse_0\altera_eth_tse_mac_1950\synth\altera_tse_dpram16_soft_ecc_x36_wrapper.v"
       attributes="" />
   <file
       path="C:\Users\dipal.halder\Desktop\sahara\NoC_paper\Designs\ip\design1\design1_eth_tse_0\altera_eth_tse_mac_1950\synth\altera_tse_dpram_16x43.v"
       attributes="" />
   <file
       path="C:\Users\dipal.halder\Desktop\sahara\NoC_paper\Designs\ip\design1\design1_eth_tse_0\altera_eth_tse_mac_1950\synth\altera_tse_dpram_16x32.v"
       attributes="" />
   <file
       path="C:\Users\dipal.halder\Desktop\sahara\NoC_paper\Designs\ip\design1\design1_eth_tse_0\altera_eth_tse_mac_1950\synth\altera_tse_dpram_8x32.v"
       attributes="" />
   <file
       path="C:\Users\dipal.halder\Desktop\sahara\NoC_paper\Designs\ip\design1\design1_eth_tse_0\altera_eth_tse_mac_1950\synth\altera_tse_dpram_ecc_16x32.v"
       attributes="" />
   <file
       path="C:\Users\dipal.halder\Desktop\sahara\NoC_paper\Designs\ip\design1\design1_eth_tse_0\altera_eth_tse_mac_1950\synth\altera_tse_fifoless_retransmit_cntl.v"
       attributes="" />
   <file
       path="C:\Users\dipal.halder\Desktop\sahara\NoC_paper\Designs\ip\design1\design1_eth_tse_0\altera_eth_tse_mac_1950\synth\altera_tse_retransmit_cntl.v"
       attributes="" />
   <file
       path="C:\Users\dipal.halder\Desktop\sahara\NoC_paper\Designs\ip\design1\design1_eth_tse_0\altera_eth_tse_mac_1950\synth\altera_tse_rgmii_in1.v"
       attributes="" />
   <file
       path="C:\Users\dipal.halder\Desktop\sahara\NoC_paper\Designs\ip\design1\design1_eth_tse_0\altera_eth_tse_mac_1950\synth\altera_tse_rgmii_in4.v"
       attributes="" />
   <file
       path="C:\Users\dipal.halder\Desktop\sahara\NoC_paper\Designs\ip\design1\design1_eth_tse_0\altera_eth_tse_mac_1950\synth\altera_tse_nf_rgmii_module.v"
       attributes="" />
   <file
       path="C:\Users\dipal.halder\Desktop\sahara\NoC_paper\Designs\ip\design1\design1_eth_tse_0\altera_eth_tse_mac_1950\synth\altera_tse_rgmii_module.v"
       attributes="" />
   <file
       path="C:\Users\dipal.halder\Desktop\sahara\NoC_paper\Designs\ip\design1\design1_eth_tse_0\altera_eth_tse_mac_1950\synth\altera_tse_rgmii_out1.v"
       attributes="" />
   <file
       path="C:\Users\dipal.halder\Desktop\sahara\NoC_paper\Designs\ip\design1\design1_eth_tse_0\altera_eth_tse_mac_1950\synth\altera_tse_rgmii_out4.v"
       attributes="" />
   <file
       path="C:\Users\dipal.halder\Desktop\sahara\NoC_paper\Designs\ip\design1\design1_eth_tse_0\altera_eth_tse_mac_1950\synth\altera_tse_rx_ff.v"
       attributes="" />
   <file
       path="C:\Users\dipal.halder\Desktop\sahara\NoC_paper\Designs\ip\design1\design1_eth_tse_0\altera_eth_tse_mac_1950\synth\altera_tse_rx_min_ff.v"
       attributes="" />
   <file
       path="C:\Users\dipal.halder\Desktop\sahara\NoC_paper\Designs\ip\design1\design1_eth_tse_0\altera_eth_tse_mac_1950\synth\altera_tse_rx_ff_cntrl.v"
       attributes="" />
   <file
       path="C:\Users\dipal.halder\Desktop\sahara\NoC_paper\Designs\ip\design1\design1_eth_tse_0\altera_eth_tse_mac_1950\synth\altera_tse_rx_ff_cntrl_32.v"
       attributes="" />
   <file
       path="C:\Users\dipal.halder\Desktop\sahara\NoC_paper\Designs\ip\design1\design1_eth_tse_0\altera_eth_tse_mac_1950\synth\altera_tse_rx_ff_cntrl_32_shift16.v"
       attributes="" />
   <file
       path="C:\Users\dipal.halder\Desktop\sahara\NoC_paper\Designs\ip\design1\design1_eth_tse_0\altera_eth_tse_mac_1950\synth\altera_tse_rx_ff_length.v"
       attributes="" />
   <file
       path="C:\Users\dipal.halder\Desktop\sahara\NoC_paper\Designs\ip\design1\design1_eth_tse_0\altera_eth_tse_mac_1950\synth\altera_tse_rx_stat_extract.v"
       attributes="" />
   <file
       path="C:\Users\dipal.halder\Desktop\sahara\NoC_paper\Designs\ip\design1\design1_eth_tse_0\altera_eth_tse_mac_1950\synth\altera_tse_timing_adapter32.v"
       attributes="" />
   <file
       path="C:\Users\dipal.halder\Desktop\sahara\NoC_paper\Designs\ip\design1\design1_eth_tse_0\altera_eth_tse_mac_1950\synth\altera_tse_timing_adapter8.v"
       attributes="" />
   <file
       path="C:\Users\dipal.halder\Desktop\sahara\NoC_paper\Designs\ip\design1\design1_eth_tse_0\altera_eth_tse_mac_1950\synth\altera_tse_timing_adapter_fifo32.v"
       attributes="" />
   <file
       path="C:\Users\dipal.halder\Desktop\sahara\NoC_paper\Designs\ip\design1\design1_eth_tse_0\altera_eth_tse_mac_1950\synth\altera_tse_timing_adapter_fifo8.v"
       attributes="" />
   <file
       path="C:\Users\dipal.halder\Desktop\sahara\NoC_paper\Designs\ip\design1\design1_eth_tse_0\altera_eth_tse_mac_1950\synth\altera_tse_top_1geth.v"
       attributes="" />
   <file
       path="C:\Users\dipal.halder\Desktop\sahara\NoC_paper\Designs\ip\design1\design1_eth_tse_0\altera_eth_tse_mac_1950\synth\altera_tse_top_fifoless_1geth.v"
       attributes="" />
   <file
       path="C:\Users\dipal.halder\Desktop\sahara\NoC_paper\Designs\ip\design1\design1_eth_tse_0\altera_eth_tse_mac_1950\synth\altera_tse_top_w_fifo.v"
       attributes="" />
   <file
       path="C:\Users\dipal.halder\Desktop\sahara\NoC_paper\Designs\ip\design1\design1_eth_tse_0\altera_eth_tse_mac_1950\synth\altera_tse_top_w_fifo_10_100_1000.v"
       attributes="" />
   <file
       path="C:\Users\dipal.halder\Desktop\sahara\NoC_paper\Designs\ip\design1\design1_eth_tse_0\altera_eth_tse_mac_1950\synth\altera_tse_top_wo_fifo.v"
       attributes="" />
   <file
       path="C:\Users\dipal.halder\Desktop\sahara\NoC_paper\Designs\ip\design1\design1_eth_tse_0\altera_eth_tse_mac_1950\synth\altera_tse_top_wo_fifo_10_100_1000.v"
       attributes="" />
   <file
       path="C:\Users\dipal.halder\Desktop\sahara\NoC_paper\Designs\ip\design1\design1_eth_tse_0\altera_eth_tse_mac_1950\synth\altera_tse_top_gen_host.v"
       attributes="" />
   <file
       path="C:\Users\dipal.halder\Desktop\sahara\NoC_paper\Designs\ip\design1\design1_eth_tse_0\altera_eth_tse_mac_1950\synth\altera_tse_tx_ff.v"
       attributes="" />
   <file
       path="C:\Users\dipal.halder\Desktop\sahara\NoC_paper\Designs\ip\design1\design1_eth_tse_0\altera_eth_tse_mac_1950\synth\altera_tse_tx_min_ff.v"
       attributes="" />
   <file
       path="C:\Users\dipal.halder\Desktop\sahara\NoC_paper\Designs\ip\design1\design1_eth_tse_0\altera_eth_tse_mac_1950\synth\altera_tse_tx_ff_cntrl.v"
       attributes="" />
   <file
       path="C:\Users\dipal.halder\Desktop\sahara\NoC_paper\Designs\ip\design1\design1_eth_tse_0\altera_eth_tse_mac_1950\synth\altera_tse_tx_ff_cntrl_32.v"
       attributes="" />
   <file
       path="C:\Users\dipal.halder\Desktop\sahara\NoC_paper\Designs\ip\design1\design1_eth_tse_0\altera_eth_tse_mac_1950\synth\altera_tse_tx_ff_cntrl_32_shift16.v"
       attributes="" />
   <file
       path="C:\Users\dipal.halder\Desktop\sahara\NoC_paper\Designs\ip\design1\design1_eth_tse_0\altera_eth_tse_mac_1950\synth\altera_tse_tx_ff_length.v"
       attributes="" />
   <file
       path="C:\Users\dipal.halder\Desktop\sahara\NoC_paper\Designs\ip\design1\design1_eth_tse_0\altera_eth_tse_mac_1950\synth\altera_tse_tx_ff_read_cntl.v"
       attributes="" />
   <file
       path="C:\Users\dipal.halder\Desktop\sahara\NoC_paper\Designs\ip\design1\design1_eth_tse_0\altera_eth_tse_mac_1950\synth\altera_tse_tx_stat_extract.v"
       attributes="" />
   <file
       path="C:\Users\dipal.halder\Desktop\sahara\NoC_paper\Designs\ip\design1\design1_eth_tse_0\altera_eth_tse_mac_1950\synth\altera_eth_tse_std_synchronizer.v"
       attributes="" />
   <file
       path="C:\Users\dipal.halder\Desktop\sahara\NoC_paper\Designs\ip\design1\design1_eth_tse_0\altera_eth_tse_mac_1950\synth\altera_eth_tse_std_synchronizer_bundle.v"
       attributes="" />
   <file
       path="C:\Users\dipal.halder\Desktop\sahara\NoC_paper\Designs\ip\design1\design1_eth_tse_0\altera_eth_tse_mac_1950\synth\altera_eth_tse_ptp_std_synchronizer.v"
       attributes="" />
   <file
       path="C:\Users\dipal.halder\Desktop\sahara\NoC_paper\Designs\ip\design1\design1_eth_tse_0\altera_eth_tse_mac_1950\synth\altera_tse_false_path_marker.v"
       attributes="" />
   <file
       path="C:\Users\dipal.halder\Desktop\sahara\NoC_paper\Designs\ip\design1\design1_eth_tse_0\altera_eth_tse_mac_1950\synth\altera_tse_reset_synchronizer.v"
       attributes="" />
   <file
       path="C:\Users\dipal.halder\Desktop\sahara\NoC_paper\Designs\ip\design1\design1_eth_tse_0\altera_eth_tse_mac_1950\synth\altera_tse_clock_crosser.v"
       attributes="" />
   <file
       path="C:\Users\dipal.halder\Desktop\sahara\NoC_paper\Designs\ip\design1\design1_eth_tse_0\altera_eth_tse_mac_1950\synth\altera_tse_a_fifo_13.v"
       attributes="" />
   <file
       path="C:\Users\dipal.halder\Desktop\sahara\NoC_paper\Designs\ip\design1\design1_eth_tse_0\altera_eth_tse_mac_1950\synth\altera_tse_a_fifo_24.v"
       attributes="" />
   <file
       path="C:\Users\dipal.halder\Desktop\sahara\NoC_paper\Designs\ip\design1\design1_eth_tse_0\altera_eth_tse_mac_1950\synth\altera_tse_a_fifo_34.v"
       attributes="" />
   <file
       path="C:\Users\dipal.halder\Desktop\sahara\NoC_paper\Designs\ip\design1\design1_eth_tse_0\altera_eth_tse_mac_1950\synth\altera_tse_a_fifo_opt_1246.v"
       attributes="" />
   <file
       path="C:\Users\dipal.halder\Desktop\sahara\NoC_paper\Designs\ip\design1\design1_eth_tse_0\altera_eth_tse_mac_1950\synth\altera_tse_a_fifo_opt_14_44.v"
       attributes="" />
   <file
       path="C:\Users\dipal.halder\Desktop\sahara\NoC_paper\Designs\ip\design1\design1_eth_tse_0\altera_eth_tse_mac_1950\synth\altera_tse_a_fifo_opt_36_10.v"
       attributes="" />
   <file
       path="C:\Users\dipal.halder\Desktop\sahara\NoC_paper\Designs\ip\design1\design1_eth_tse_0\altera_eth_tse_mac_1950\synth\altera_tse_gray_cnt.v"
       attributes="" />
   <file
       path="C:\Users\dipal.halder\Desktop\sahara\NoC_paper\Designs\ip\design1\design1_eth_tse_0\altera_eth_tse_mac_1950\synth\altera_tse_sdpm_altsyncram.v"
       attributes="" />
   <file
       path="C:\Users\dipal.halder\Desktop\sahara\NoC_paper\Designs\ip\design1\design1_eth_tse_0\altera_eth_tse_mac_1950\synth\altera_tse_altsyncram_dpm_fifo.v"
       attributes="" />
   <file
       path="C:\Users\dipal.halder\Desktop\sahara\NoC_paper\Designs\ip\design1\design1_eth_tse_0\altera_eth_tse_mac_1950\synth\altera_tse_bin_cnt.v"
       attributes="" />
   <file
       path="C:\Users\dipal.halder\Desktop\sahara\NoC_paper\Designs\ip\design1\design1_eth_tse_0\altera_eth_tse_mac_1950\synth\altera_tse_ph_calculator.sv"
       attributes="" />
   <file
       path="C:\Users\dipal.halder\Desktop\sahara\NoC_paper\Designs\ip\design1\design1_eth_tse_0\altera_eth_tse_mac_1950\synth\altera_tse_sdpm_gen.v"
       attributes="" />
   <file
       path="C:\Users\dipal.halder\Desktop\sahara\NoC_paper\Designs\ip\design1\design1_eth_tse_0\altera_eth_tse_mac_1950\synth\altera_tse_ecc_dec_x10.v"
       attributes="" />
   <file
       path="C:\Users\dipal.halder\Desktop\sahara\NoC_paper\Designs\ip\design1\design1_eth_tse_0\altera_eth_tse_mac_1950\synth\altera_tse_ecc_enc_x10.v"
       attributes="" />
   <file
       path="C:\Users\dipal.halder\Desktop\sahara\NoC_paper\Designs\ip\design1\design1_eth_tse_0\altera_eth_tse_mac_1950\synth\altera_tse_ecc_enc_x10_wrapper.v"
       attributes="" />
   <file
       path="C:\Users\dipal.halder\Desktop\sahara\NoC_paper\Designs\ip\design1\design1_eth_tse_0\altera_eth_tse_mac_1950\synth\altera_tse_ecc_dec_x14.v"
       attributes="" />
   <file
       path="C:\Users\dipal.halder\Desktop\sahara\NoC_paper\Designs\ip\design1\design1_eth_tse_0\altera_eth_tse_mac_1950\synth\altera_tse_ecc_enc_x14.v"
       attributes="" />
   <file
       path="C:\Users\dipal.halder\Desktop\sahara\NoC_paper\Designs\ip\design1\design1_eth_tse_0\altera_eth_tse_mac_1950\synth\altera_tse_ecc_enc_x14_wrapper.v"
       attributes="" />
   <file
       path="C:\Users\dipal.halder\Desktop\sahara\NoC_paper\Designs\ip\design1\design1_eth_tse_0\altera_eth_tse_mac_1950\synth\altera_tse_ecc_dec_x2.v"
       attributes="" />
   <file
       path="C:\Users\dipal.halder\Desktop\sahara\NoC_paper\Designs\ip\design1\design1_eth_tse_0\altera_eth_tse_mac_1950\synth\altera_tse_ecc_enc_x2.v"
       attributes="" />
   <file
       path="C:\Users\dipal.halder\Desktop\sahara\NoC_paper\Designs\ip\design1\design1_eth_tse_0\altera_eth_tse_mac_1950\synth\altera_tse_ecc_enc_x2_wrapper.v"
       attributes="" />
   <file
       path="C:\Users\dipal.halder\Desktop\sahara\NoC_paper\Designs\ip\design1\design1_eth_tse_0\altera_eth_tse_mac_1950\synth\altera_tse_ecc_dec_x23.v"
       attributes="" />
   <file
       path="C:\Users\dipal.halder\Desktop\sahara\NoC_paper\Designs\ip\design1\design1_eth_tse_0\altera_eth_tse_mac_1950\synth\altera_tse_ecc_enc_x23.v"
       attributes="" />
   <file
       path="C:\Users\dipal.halder\Desktop\sahara\NoC_paper\Designs\ip\design1\design1_eth_tse_0\altera_eth_tse_mac_1950\synth\altera_tse_ecc_enc_x23_wrapper.v"
       attributes="" />
   <file
       path="C:\Users\dipal.halder\Desktop\sahara\NoC_paper\Designs\ip\design1\design1_eth_tse_0\altera_eth_tse_mac_1950\synth\altera_tse_ecc_dec_x36.v"
       attributes="" />
   <file
       path="C:\Users\dipal.halder\Desktop\sahara\NoC_paper\Designs\ip\design1\design1_eth_tse_0\altera_eth_tse_mac_1950\synth\altera_tse_ecc_enc_x36.v"
       attributes="" />
   <file
       path="C:\Users\dipal.halder\Desktop\sahara\NoC_paper\Designs\ip\design1\design1_eth_tse_0\altera_eth_tse_mac_1950\synth\altera_tse_ecc_enc_x36_wrapper.v"
       attributes="" />
   <file
       path="C:\Users\dipal.halder\Desktop\sahara\NoC_paper\Designs\ip\design1\design1_eth_tse_0\altera_eth_tse_mac_1950\synth\altera_tse_ecc_dec_x40.v"
       attributes="" />
   <file
       path="C:\Users\dipal.halder\Desktop\sahara\NoC_paper\Designs\ip\design1\design1_eth_tse_0\altera_eth_tse_mac_1950\synth\altera_tse_ecc_enc_x40.v"
       attributes="" />
   <file
       path="C:\Users\dipal.halder\Desktop\sahara\NoC_paper\Designs\ip\design1\design1_eth_tse_0\altera_eth_tse_mac_1950\synth\altera_tse_ecc_enc_x40_wrapper.v"
       attributes="" />
   <file
       path="C:\Users\dipal.halder\Desktop\sahara\NoC_paper\Designs\ip\design1\design1_eth_tse_0\altera_eth_tse_mac_1950\synth\altera_tse_ecc_dec_x30.v"
       attributes="" />
   <file
       path="C:\Users\dipal.halder\Desktop\sahara\NoC_paper\Designs\ip\design1\design1_eth_tse_0\altera_eth_tse_mac_1950\synth\altera_tse_ecc_enc_x30.v"
       attributes="" />
   <file
       path="C:\Users\dipal.halder\Desktop\sahara\NoC_paper\Designs\ip\design1\design1_eth_tse_0\altera_eth_tse_mac_1950\synth\altera_tse_ecc_enc_x30_wrapper.v"
       attributes="" />
   <file
       path="C:\Users\dipal.halder\Desktop\sahara\NoC_paper\Designs\ip\design1\design1_eth_tse_0\altera_eth_tse_mac_1950\synth\altera_tse_ecc_status_crosser.v"
       attributes="" />
   <file
       path="C:\Users\dipal.halder\Desktop\sahara\NoC_paper\Designs\ip\design1\design1_eth_tse_0\altera_eth_tse_mac_1950\synth\altera_tse_top_wo_fifo_10_100_1000.ocp"
       attributes="" />
   <file
       path="C:\Users\dipal.halder\Desktop\sahara\NoC_paper\Designs\ip\design1\design1_eth_tse_0\altera_eth_tse_mac_1950\synth\altera_tse_top_w_fifo_10_100_1000.ocp"
       attributes="" />
   <file
       path="C:\Users\dipal.halder\Desktop\sahara\NoC_paper\Designs\ip\design1\design1_eth_tse_0\altera_eth_tse_mac_1950\synth\altera_std_synchronizer_nocut.v"
       attributes="" />
   <file
       path="C:\Users\dipal.halder\Desktop\sahara\NoC_paper\Designs\ip\design1\design1_eth_tse_0\altera_eth_tse_mac_1950\synth\altera_eth_tse_mac.sdc"
       attributes="NO_AUTO_INSTANCE_DISCOVERY NO_SDC_PROMOTION" />
  </childGeneratedFiles>
  <sourceFiles>
   <file
       path="C:/intelfpga_pro/21.3/ip/altera/ethernet/tse_ucores/altera_eth_tse_mac/altera_eth_tse_mac_hw.tcl" />
  </sourceFiles>
  <childSourceFiles/>
  <instantiator
     instantiator="design1_eth_tse_0_altera_eth_tse_1950_5fwvngq"
     as="i_tse_mac" />
  <messages>
   <message level="Info" culprit="design1_eth_tse_0">"Generating: altera_eth_tse_mac"</message>
  </messages>
 </entity>
</deploy>
