# system info design1_eth_tse_0 on 2022.08.21.20:35:14
system_info:
name,value
DEVICE,AGFA012R24A2E2V
DEVICE_FAMILY,Agilex
GENERATION_ID,0
#
#
# Files generated for design1_eth_tse_0 on 2022.08.21.20:35:14
files:
filepath,kind,attributes,module,is_top
sim/design1_eth_tse_0.v,VERILOG,CONTAINS_INLINE_CONFIGURATION,design1_eth_tse_0,true
altera_eth_tse_1950/sim/design1_eth_tse_0_altera_eth_tse_1950_5fwvngq.v,VERILOG,CONTAINS_INLINE_CONFIGURATION,design1_eth_tse_0_altera_eth_tse_1950_5fwvngq,false
altera_eth_tse_mac_1950/sim/mentor/altera_eth_tse_mac.v,VERILOG_ENCRYPT,MENTOR_SPECIFIC,altera_eth_tse_mac,false
altera_eth_tse_mac_1950/sim/aldec/altera_eth_tse_mac.v,VERILOG_ENCRYPT,ALDEC_SPECIFIC,altera_eth_tse_mac,false
altera_eth_tse_mac_1950/sim/synopsys/altera_eth_tse_mac.v,VERILOG_ENCRYPT,SYNOPSYS_SPECIFIC,altera_eth_tse_mac,false
altera_eth_tse_mac_1950/sim/cadence/altera_eth_tse_mac.v,VERILOG_ENCRYPT,CADENCE_SPECIFIC,altera_eth_tse_mac,false
altera_eth_tse_mac_1950/sim/mentor/altera_tse_clk_cntl.v,VERILOG_ENCRYPT,MENTOR_SPECIFIC,altera_eth_tse_mac,false
altera_eth_tse_mac_1950/sim/aldec/altera_tse_clk_cntl.v,VERILOG_ENCRYPT,ALDEC_SPECIFIC,altera_eth_tse_mac,false
altera_eth_tse_mac_1950/sim/synopsys/altera_tse_clk_cntl.v,VERILOG_ENCRYPT,SYNOPSYS_SPECIFIC,altera_eth_tse_mac,false
altera_eth_tse_mac_1950/sim/cadence/altera_tse_clk_cntl.v,VERILOG_ENCRYPT,CADENCE_SPECIFIC,altera_eth_tse_mac,false
altera_eth_tse_mac_1950/sim/mentor/altera_tse_crc328checker.v,VERILOG_ENCRYPT,MENTOR_SPECIFIC,altera_eth_tse_mac,false
altera_eth_tse_mac_1950/sim/aldec/altera_tse_crc328checker.v,VERILOG_ENCRYPT,ALDEC_SPECIFIC,altera_eth_tse_mac,false
altera_eth_tse_mac_1950/sim/synopsys/altera_tse_crc328checker.v,VERILOG_ENCRYPT,SYNOPSYS_SPECIFIC,altera_eth_tse_mac,false
altera_eth_tse_mac_1950/sim/cadence/altera_tse_crc328checker.v,VERILOG_ENCRYPT,CADENCE_SPECIFIC,altera_eth_tse_mac,false
altera_eth_tse_mac_1950/sim/mentor/altera_tse_crc328generator.v,VERILOG_ENCRYPT,MENTOR_SPECIFIC,altera_eth_tse_mac,false
altera_eth_tse_mac_1950/sim/aldec/altera_tse_crc328generator.v,VERILOG_ENCRYPT,ALDEC_SPECIFIC,altera_eth_tse_mac,false
altera_eth_tse_mac_1950/sim/synopsys/altera_tse_crc328generator.v,VERILOG_ENCRYPT,SYNOPSYS_SPECIFIC,altera_eth_tse_mac,false
altera_eth_tse_mac_1950/sim/cadence/altera_tse_crc328generator.v,VERILOG_ENCRYPT,CADENCE_SPECIFIC,altera_eth_tse_mac,false
altera_eth_tse_mac_1950/sim/mentor/altera_tse_crc32ctl8.v,VERILOG_ENCRYPT,MENTOR_SPECIFIC,altera_eth_tse_mac,false
altera_eth_tse_mac_1950/sim/aldec/altera_tse_crc32ctl8.v,VERILOG_ENCRYPT,ALDEC_SPECIFIC,altera_eth_tse_mac,false
altera_eth_tse_mac_1950/sim/synopsys/altera_tse_crc32ctl8.v,VERILOG_ENCRYPT,SYNOPSYS_SPECIFIC,altera_eth_tse_mac,false
altera_eth_tse_mac_1950/sim/cadence/altera_tse_crc32ctl8.v,VERILOG_ENCRYPT,CADENCE_SPECIFIC,altera_eth_tse_mac,false
altera_eth_tse_mac_1950/sim/mentor/altera_tse_crc32galois8.v,VERILOG_ENCRYPT,MENTOR_SPECIFIC,altera_eth_tse_mac,false
altera_eth_tse_mac_1950/sim/aldec/altera_tse_crc32galois8.v,VERILOG_ENCRYPT,ALDEC_SPECIFIC,altera_eth_tse_mac,false
altera_eth_tse_mac_1950/sim/synopsys/altera_tse_crc32galois8.v,VERILOG_ENCRYPT,SYNOPSYS_SPECIFIC,altera_eth_tse_mac,false
altera_eth_tse_mac_1950/sim/cadence/altera_tse_crc32galois8.v,VERILOG_ENCRYPT,CADENCE_SPECIFIC,altera_eth_tse_mac,false
altera_eth_tse_mac_1950/sim/mentor/altera_tse_gmii_io.v,VERILOG_ENCRYPT,MENTOR_SPECIFIC,altera_eth_tse_mac,false
altera_eth_tse_mac_1950/sim/aldec/altera_tse_gmii_io.v,VERILOG_ENCRYPT,ALDEC_SPECIFIC,altera_eth_tse_mac,false
altera_eth_tse_mac_1950/sim/synopsys/altera_tse_gmii_io.v,VERILOG_ENCRYPT,SYNOPSYS_SPECIFIC,altera_eth_tse_mac,false
altera_eth_tse_mac_1950/sim/cadence/altera_tse_gmii_io.v,VERILOG_ENCRYPT,CADENCE_SPECIFIC,altera_eth_tse_mac,false
altera_eth_tse_mac_1950/sim/mentor/altera_tse_lb_read_cntl.v,VERILOG_ENCRYPT,MENTOR_SPECIFIC,altera_eth_tse_mac,false
altera_eth_tse_mac_1950/sim/aldec/altera_tse_lb_read_cntl.v,VERILOG_ENCRYPT,ALDEC_SPECIFIC,altera_eth_tse_mac,false
altera_eth_tse_mac_1950/sim/synopsys/altera_tse_lb_read_cntl.v,VERILOG_ENCRYPT,SYNOPSYS_SPECIFIC,altera_eth_tse_mac,false
altera_eth_tse_mac_1950/sim/cadence/altera_tse_lb_read_cntl.v,VERILOG_ENCRYPT,CADENCE_SPECIFIC,altera_eth_tse_mac,false
altera_eth_tse_mac_1950/sim/mentor/altera_tse_lb_wrt_cntl.v,VERILOG_ENCRYPT,MENTOR_SPECIFIC,altera_eth_tse_mac,false
altera_eth_tse_mac_1950/sim/aldec/altera_tse_lb_wrt_cntl.v,VERILOG_ENCRYPT,ALDEC_SPECIFIC,altera_eth_tse_mac,false
altera_eth_tse_mac_1950/sim/synopsys/altera_tse_lb_wrt_cntl.v,VERILOG_ENCRYPT,SYNOPSYS_SPECIFIC,altera_eth_tse_mac,false
altera_eth_tse_mac_1950/sim/cadence/altera_tse_lb_wrt_cntl.v,VERILOG_ENCRYPT,CADENCE_SPECIFIC,altera_eth_tse_mac,false
altera_eth_tse_mac_1950/sim/mentor/altera_tse_hashing.v,VERILOG_ENCRYPT,MENTOR_SPECIFIC,altera_eth_tse_mac,false
altera_eth_tse_mac_1950/sim/aldec/altera_tse_hashing.v,VERILOG_ENCRYPT,ALDEC_SPECIFIC,altera_eth_tse_mac,false
altera_eth_tse_mac_1950/sim/synopsys/altera_tse_hashing.v,VERILOG_ENCRYPT,SYNOPSYS_SPECIFIC,altera_eth_tse_mac,false
altera_eth_tse_mac_1950/sim/cadence/altera_tse_hashing.v,VERILOG_ENCRYPT,CADENCE_SPECIFIC,altera_eth_tse_mac,false
altera_eth_tse_mac_1950/sim/mentor/altera_tse_host_control.v,VERILOG_ENCRYPT,MENTOR_SPECIFIC,altera_eth_tse_mac,false
altera_eth_tse_mac_1950/sim/aldec/altera_tse_host_control.v,VERILOG_ENCRYPT,ALDEC_SPECIFIC,altera_eth_tse_mac,false
altera_eth_tse_mac_1950/sim/synopsys/altera_tse_host_control.v,VERILOG_ENCRYPT,SYNOPSYS_SPECIFIC,altera_eth_tse_mac,false
altera_eth_tse_mac_1950/sim/cadence/altera_tse_host_control.v,VERILOG_ENCRYPT,CADENCE_SPECIFIC,altera_eth_tse_mac,false
altera_eth_tse_mac_1950/sim/mentor/altera_tse_host_control_small.v,VERILOG_ENCRYPT,MENTOR_SPECIFIC,altera_eth_tse_mac,false
altera_eth_tse_mac_1950/sim/aldec/altera_tse_host_control_small.v,VERILOG_ENCRYPT,ALDEC_SPECIFIC,altera_eth_tse_mac,false
altera_eth_tse_mac_1950/sim/synopsys/altera_tse_host_control_small.v,VERILOG_ENCRYPT,SYNOPSYS_SPECIFIC,altera_eth_tse_mac,false
altera_eth_tse_mac_1950/sim/cadence/altera_tse_host_control_small.v,VERILOG_ENCRYPT,CADENCE_SPECIFIC,altera_eth_tse_mac,false
altera_eth_tse_mac_1950/sim/mentor/altera_tse_mac_control.v,VERILOG_ENCRYPT,MENTOR_SPECIFIC,altera_eth_tse_mac,false
altera_eth_tse_mac_1950/sim/aldec/altera_tse_mac_control.v,VERILOG_ENCRYPT,ALDEC_SPECIFIC,altera_eth_tse_mac,false
altera_eth_tse_mac_1950/sim/synopsys/altera_tse_mac_control.v,VERILOG_ENCRYPT,SYNOPSYS_SPECIFIC,altera_eth_tse_mac,false
altera_eth_tse_mac_1950/sim/cadence/altera_tse_mac_control.v,VERILOG_ENCRYPT,CADENCE_SPECIFIC,altera_eth_tse_mac,false
altera_eth_tse_mac_1950/sim/mentor/altera_tse_register_map.v,VERILOG_ENCRYPT,MENTOR_SPECIFIC,altera_eth_tse_mac,false
altera_eth_tse_mac_1950/sim/aldec/altera_tse_register_map.v,VERILOG_ENCRYPT,ALDEC_SPECIFIC,altera_eth_tse_mac,false
altera_eth_tse_mac_1950/sim/synopsys/altera_tse_register_map.v,VERILOG_ENCRYPT,SYNOPSYS_SPECIFIC,altera_eth_tse_mac,false
altera_eth_tse_mac_1950/sim/cadence/altera_tse_register_map.v,VERILOG_ENCRYPT,CADENCE_SPECIFIC,altera_eth_tse_mac,false
altera_eth_tse_mac_1950/sim/mentor/altera_tse_register_map_small.v,VERILOG_ENCRYPT,MENTOR_SPECIFIC,altera_eth_tse_mac,false
altera_eth_tse_mac_1950/sim/aldec/altera_tse_register_map_small.v,VERILOG_ENCRYPT,ALDEC_SPECIFIC,altera_eth_tse_mac,false
altera_eth_tse_mac_1950/sim/synopsys/altera_tse_register_map_small.v,VERILOG_ENCRYPT,SYNOPSYS_SPECIFIC,altera_eth_tse_mac,false
altera_eth_tse_mac_1950/sim/cadence/altera_tse_register_map_small.v,VERILOG_ENCRYPT,CADENCE_SPECIFIC,altera_eth_tse_mac,false
altera_eth_tse_mac_1950/sim/mentor/altera_tse_rx_counter_cntl.v,VERILOG_ENCRYPT,MENTOR_SPECIFIC,altera_eth_tse_mac,false
altera_eth_tse_mac_1950/sim/aldec/altera_tse_rx_counter_cntl.v,VERILOG_ENCRYPT,ALDEC_SPECIFIC,altera_eth_tse_mac,false
altera_eth_tse_mac_1950/sim/synopsys/altera_tse_rx_counter_cntl.v,VERILOG_ENCRYPT,SYNOPSYS_SPECIFIC,altera_eth_tse_mac,false
altera_eth_tse_mac_1950/sim/cadence/altera_tse_rx_counter_cntl.v,VERILOG_ENCRYPT,CADENCE_SPECIFIC,altera_eth_tse_mac,false
altera_eth_tse_mac_1950/sim/mentor/altera_tse_shared_mac_control.v,VERILOG_ENCRYPT,MENTOR_SPECIFIC,altera_eth_tse_mac,false
altera_eth_tse_mac_1950/sim/aldec/altera_tse_shared_mac_control.v,VERILOG_ENCRYPT,ALDEC_SPECIFIC,altera_eth_tse_mac,false
altera_eth_tse_mac_1950/sim/synopsys/altera_tse_shared_mac_control.v,VERILOG_ENCRYPT,SYNOPSYS_SPECIFIC,altera_eth_tse_mac,false
altera_eth_tse_mac_1950/sim/cadence/altera_tse_shared_mac_control.v,VERILOG_ENCRYPT,CADENCE_SPECIFIC,altera_eth_tse_mac,false
altera_eth_tse_mac_1950/sim/mentor/altera_tse_shared_register_map.v,VERILOG_ENCRYPT,MENTOR_SPECIFIC,altera_eth_tse_mac,false
altera_eth_tse_mac_1950/sim/aldec/altera_tse_shared_register_map.v,VERILOG_ENCRYPT,ALDEC_SPECIFIC,altera_eth_tse_mac,false
altera_eth_tse_mac_1950/sim/synopsys/altera_tse_shared_register_map.v,VERILOG_ENCRYPT,SYNOPSYS_SPECIFIC,altera_eth_tse_mac,false
altera_eth_tse_mac_1950/sim/cadence/altera_tse_shared_register_map.v,VERILOG_ENCRYPT,CADENCE_SPECIFIC,altera_eth_tse_mac,false
altera_eth_tse_mac_1950/sim/mentor/altera_tse_tx_counter_cntl.v,VERILOG_ENCRYPT,MENTOR_SPECIFIC,altera_eth_tse_mac,false
altera_eth_tse_mac_1950/sim/aldec/altera_tse_tx_counter_cntl.v,VERILOG_ENCRYPT,ALDEC_SPECIFIC,altera_eth_tse_mac,false
altera_eth_tse_mac_1950/sim/synopsys/altera_tse_tx_counter_cntl.v,VERILOG_ENCRYPT,SYNOPSYS_SPECIFIC,altera_eth_tse_mac,false
altera_eth_tse_mac_1950/sim/cadence/altera_tse_tx_counter_cntl.v,VERILOG_ENCRYPT,CADENCE_SPECIFIC,altera_eth_tse_mac,false
altera_eth_tse_mac_1950/sim/mentor/altera_tse_lfsr_10.v,VERILOG_ENCRYPT,MENTOR_SPECIFIC,altera_eth_tse_mac,false
altera_eth_tse_mac_1950/sim/aldec/altera_tse_lfsr_10.v,VERILOG_ENCRYPT,ALDEC_SPECIFIC,altera_eth_tse_mac,false
altera_eth_tse_mac_1950/sim/synopsys/altera_tse_lfsr_10.v,VERILOG_ENCRYPT,SYNOPSYS_SPECIFIC,altera_eth_tse_mac,false
altera_eth_tse_mac_1950/sim/cadence/altera_tse_lfsr_10.v,VERILOG_ENCRYPT,CADENCE_SPECIFIC,altera_eth_tse_mac,false
altera_eth_tse_mac_1950/sim/mentor/altera_tse_loopback_ff.v,VERILOG_ENCRYPT,MENTOR_SPECIFIC,altera_eth_tse_mac,false
altera_eth_tse_mac_1950/sim/aldec/altera_tse_loopback_ff.v,VERILOG_ENCRYPT,ALDEC_SPECIFIC,altera_eth_tse_mac,false
altera_eth_tse_mac_1950/sim/synopsys/altera_tse_loopback_ff.v,VERILOG_ENCRYPT,SYNOPSYS_SPECIFIC,altera_eth_tse_mac,false
altera_eth_tse_mac_1950/sim/cadence/altera_tse_loopback_ff.v,VERILOG_ENCRYPT,CADENCE_SPECIFIC,altera_eth_tse_mac,false
altera_eth_tse_mac_1950/sim/mentor/altera_tse_altshifttaps.v,VERILOG_ENCRYPT,MENTOR_SPECIFIC,altera_eth_tse_mac,false
altera_eth_tse_mac_1950/sim/aldec/altera_tse_altshifttaps.v,VERILOG_ENCRYPT,ALDEC_SPECIFIC,altera_eth_tse_mac,false
altera_eth_tse_mac_1950/sim/synopsys/altera_tse_altshifttaps.v,VERILOG_ENCRYPT,SYNOPSYS_SPECIFIC,altera_eth_tse_mac,false
altera_eth_tse_mac_1950/sim/cadence/altera_tse_altshifttaps.v,VERILOG_ENCRYPT,CADENCE_SPECIFIC,altera_eth_tse_mac,false
altera_eth_tse_mac_1950/sim/mentor/altera_tse_fifoless_mac_rx.v,VERILOG_ENCRYPT,MENTOR_SPECIFIC,altera_eth_tse_mac,false
altera_eth_tse_mac_1950/sim/aldec/altera_tse_fifoless_mac_rx.v,VERILOG_ENCRYPT,ALDEC_SPECIFIC,altera_eth_tse_mac,false
altera_eth_tse_mac_1950/sim/synopsys/altera_tse_fifoless_mac_rx.v,VERILOG_ENCRYPT,SYNOPSYS_SPECIFIC,altera_eth_tse_mac,false
altera_eth_tse_mac_1950/sim/cadence/altera_tse_fifoless_mac_rx.v,VERILOG_ENCRYPT,CADENCE_SPECIFIC,altera_eth_tse_mac,false
altera_eth_tse_mac_1950/sim/mentor/altera_tse_mac_rx.v,VERILOG_ENCRYPT,MENTOR_SPECIFIC,altera_eth_tse_mac,false
altera_eth_tse_mac_1950/sim/aldec/altera_tse_mac_rx.v,VERILOG_ENCRYPT,ALDEC_SPECIFIC,altera_eth_tse_mac,false
altera_eth_tse_mac_1950/sim/synopsys/altera_tse_mac_rx.v,VERILOG_ENCRYPT,SYNOPSYS_SPECIFIC,altera_eth_tse_mac,false
altera_eth_tse_mac_1950/sim/cadence/altera_tse_mac_rx.v,VERILOG_ENCRYPT,CADENCE_SPECIFIC,altera_eth_tse_mac,false
altera_eth_tse_mac_1950/sim/mentor/altera_tse_fifoless_mac_tx.v,VERILOG_ENCRYPT,MENTOR_SPECIFIC,altera_eth_tse_mac,false
altera_eth_tse_mac_1950/sim/aldec/altera_tse_fifoless_mac_tx.v,VERILOG_ENCRYPT,ALDEC_SPECIFIC,altera_eth_tse_mac,false
altera_eth_tse_mac_1950/sim/synopsys/altera_tse_fifoless_mac_tx.v,VERILOG_ENCRYPT,SYNOPSYS_SPECIFIC,altera_eth_tse_mac,false
altera_eth_tse_mac_1950/sim/cadence/altera_tse_fifoless_mac_tx.v,VERILOG_ENCRYPT,CADENCE_SPECIFIC,altera_eth_tse_mac,false
altera_eth_tse_mac_1950/sim/mentor/altera_tse_mac_tx.v,VERILOG_ENCRYPT,MENTOR_SPECIFIC,altera_eth_tse_mac,false
altera_eth_tse_mac_1950/sim/aldec/altera_tse_mac_tx.v,VERILOG_ENCRYPT,ALDEC_SPECIFIC,altera_eth_tse_mac,false
altera_eth_tse_mac_1950/sim/synopsys/altera_tse_mac_tx.v,VERILOG_ENCRYPT,SYNOPSYS_SPECIFIC,altera_eth_tse_mac,false
altera_eth_tse_mac_1950/sim/cadence/altera_tse_mac_tx.v,VERILOG_ENCRYPT,CADENCE_SPECIFIC,altera_eth_tse_mac,false
altera_eth_tse_mac_1950/sim/mentor/altera_tse_magic_detection.v,VERILOG_ENCRYPT,MENTOR_SPECIFIC,altera_eth_tse_mac,false
altera_eth_tse_mac_1950/sim/aldec/altera_tse_magic_detection.v,VERILOG_ENCRYPT,ALDEC_SPECIFIC,altera_eth_tse_mac,false
altera_eth_tse_mac_1950/sim/synopsys/altera_tse_magic_detection.v,VERILOG_ENCRYPT,SYNOPSYS_SPECIFIC,altera_eth_tse_mac,false
altera_eth_tse_mac_1950/sim/cadence/altera_tse_magic_detection.v,VERILOG_ENCRYPT,CADENCE_SPECIFIC,altera_eth_tse_mac,false
altera_eth_tse_mac_1950/sim/mentor/altera_tse_mdio.v,VERILOG_ENCRYPT,MENTOR_SPECIFIC,altera_eth_tse_mac,false
altera_eth_tse_mac_1950/sim/aldec/altera_tse_mdio.v,VERILOG_ENCRYPT,ALDEC_SPECIFIC,altera_eth_tse_mac,false
altera_eth_tse_mac_1950/sim/synopsys/altera_tse_mdio.v,VERILOG_ENCRYPT,SYNOPSYS_SPECIFIC,altera_eth_tse_mac,false
altera_eth_tse_mac_1950/sim/cadence/altera_tse_mdio.v,VERILOG_ENCRYPT,CADENCE_SPECIFIC,altera_eth_tse_mac,false
altera_eth_tse_mac_1950/sim/mentor/altera_tse_mdio_clk_gen.v,VERILOG_ENCRYPT,MENTOR_SPECIFIC,altera_eth_tse_mac,false
altera_eth_tse_mac_1950/sim/aldec/altera_tse_mdio_clk_gen.v,VERILOG_ENCRYPT,ALDEC_SPECIFIC,altera_eth_tse_mac,false
altera_eth_tse_mac_1950/sim/synopsys/altera_tse_mdio_clk_gen.v,VERILOG_ENCRYPT,SYNOPSYS_SPECIFIC,altera_eth_tse_mac,false
altera_eth_tse_mac_1950/sim/cadence/altera_tse_mdio_clk_gen.v,VERILOG_ENCRYPT,CADENCE_SPECIFIC,altera_eth_tse_mac,false
altera_eth_tse_mac_1950/sim/mentor/altera_tse_mdio_cntl.v,VERILOG_ENCRYPT,MENTOR_SPECIFIC,altera_eth_tse_mac,false
altera_eth_tse_mac_1950/sim/aldec/altera_tse_mdio_cntl.v,VERILOG_ENCRYPT,ALDEC_SPECIFIC,altera_eth_tse_mac,false
altera_eth_tse_mac_1950/sim/synopsys/altera_tse_mdio_cntl.v,VERILOG_ENCRYPT,SYNOPSYS_SPECIFIC,altera_eth_tse_mac,false
altera_eth_tse_mac_1950/sim/cadence/altera_tse_mdio_cntl.v,VERILOG_ENCRYPT,CADENCE_SPECIFIC,altera_eth_tse_mac,false
altera_eth_tse_mac_1950/sim/mentor/altera_tse_top_mdio.v,VERILOG_ENCRYPT,MENTOR_SPECIFIC,altera_eth_tse_mac,false
altera_eth_tse_mac_1950/sim/aldec/altera_tse_top_mdio.v,VERILOG_ENCRYPT,ALDEC_SPECIFIC,altera_eth_tse_mac,false
altera_eth_tse_mac_1950/sim/synopsys/altera_tse_top_mdio.v,VERILOG_ENCRYPT,SYNOPSYS_SPECIFIC,altera_eth_tse_mac,false
altera_eth_tse_mac_1950/sim/cadence/altera_tse_top_mdio.v,VERILOG_ENCRYPT,CADENCE_SPECIFIC,altera_eth_tse_mac,false
altera_eth_tse_mac_1950/sim/mentor/altera_tse_mii_rx_if.v,VERILOG_ENCRYPT,MENTOR_SPECIFIC,altera_eth_tse_mac,false
altera_eth_tse_mac_1950/sim/aldec/altera_tse_mii_rx_if.v,VERILOG_ENCRYPT,ALDEC_SPECIFIC,altera_eth_tse_mac,false
altera_eth_tse_mac_1950/sim/synopsys/altera_tse_mii_rx_if.v,VERILOG_ENCRYPT,SYNOPSYS_SPECIFIC,altera_eth_tse_mac,false
altera_eth_tse_mac_1950/sim/cadence/altera_tse_mii_rx_if.v,VERILOG_ENCRYPT,CADENCE_SPECIFIC,altera_eth_tse_mac,false
altera_eth_tse_mac_1950/sim/mentor/altera_tse_mii_tx_if.v,VERILOG_ENCRYPT,MENTOR_SPECIFIC,altera_eth_tse_mac,false
altera_eth_tse_mac_1950/sim/aldec/altera_tse_mii_tx_if.v,VERILOG_ENCRYPT,ALDEC_SPECIFIC,altera_eth_tse_mac,false
altera_eth_tse_mac_1950/sim/synopsys/altera_tse_mii_tx_if.v,VERILOG_ENCRYPT,SYNOPSYS_SPECIFIC,altera_eth_tse_mac,false
altera_eth_tse_mac_1950/sim/cadence/altera_tse_mii_tx_if.v,VERILOG_ENCRYPT,CADENCE_SPECIFIC,altera_eth_tse_mac,false
altera_eth_tse_mac_1950/sim/mentor/altera_tse_pipeline_base.v,VERILOG_ENCRYPT,MENTOR_SPECIFIC,altera_eth_tse_mac,false
altera_eth_tse_mac_1950/sim/aldec/altera_tse_pipeline_base.v,VERILOG_ENCRYPT,ALDEC_SPECIFIC,altera_eth_tse_mac,false
altera_eth_tse_mac_1950/sim/synopsys/altera_tse_pipeline_base.v,VERILOG_ENCRYPT,SYNOPSYS_SPECIFIC,altera_eth_tse_mac,false
altera_eth_tse_mac_1950/sim/cadence/altera_tse_pipeline_base.v,VERILOG_ENCRYPT,CADENCE_SPECIFIC,altera_eth_tse_mac,false
altera_eth_tse_mac_1950/sim/mentor/altera_tse_pipeline_stage.sv,SYSTEM_VERILOG_ENCRYPT,MENTOR_SPECIFIC,altera_eth_tse_mac,false
altera_eth_tse_mac_1950/sim/aldec/altera_tse_pipeline_stage.sv,SYSTEM_VERILOG_ENCRYPT,ALDEC_SPECIFIC,altera_eth_tse_mac,false
altera_eth_tse_mac_1950/sim/synopsys/altera_tse_pipeline_stage.sv,SYSTEM_VERILOG_ENCRYPT,SYNOPSYS_SPECIFIC,altera_eth_tse_mac,false
altera_eth_tse_mac_1950/sim/cadence/altera_tse_pipeline_stage.sv,SYSTEM_VERILOG_ENCRYPT,CADENCE_SPECIFIC,altera_eth_tse_mac,false
altera_eth_tse_mac_1950/sim/mentor/altera_tse_dpram16_soft_ecc_x36_wrapper.v,VERILOG_ENCRYPT,MENTOR_SPECIFIC,altera_eth_tse_mac,false
altera_eth_tse_mac_1950/sim/aldec/altera_tse_dpram16_soft_ecc_x36_wrapper.v,VERILOG_ENCRYPT,ALDEC_SPECIFIC,altera_eth_tse_mac,false
altera_eth_tse_mac_1950/sim/synopsys/altera_tse_dpram16_soft_ecc_x36_wrapper.v,VERILOG_ENCRYPT,SYNOPSYS_SPECIFIC,altera_eth_tse_mac,false
altera_eth_tse_mac_1950/sim/cadence/altera_tse_dpram16_soft_ecc_x36_wrapper.v,VERILOG_ENCRYPT,CADENCE_SPECIFIC,altera_eth_tse_mac,false
altera_eth_tse_mac_1950/sim/mentor/altera_tse_dpram_16x43.v,VERILOG_ENCRYPT,MENTOR_SPECIFIC,altera_eth_tse_mac,false
altera_eth_tse_mac_1950/sim/aldec/altera_tse_dpram_16x43.v,VERILOG_ENCRYPT,ALDEC_SPECIFIC,altera_eth_tse_mac,false
altera_eth_tse_mac_1950/sim/synopsys/altera_tse_dpram_16x43.v,VERILOG_ENCRYPT,SYNOPSYS_SPECIFIC,altera_eth_tse_mac,false
altera_eth_tse_mac_1950/sim/cadence/altera_tse_dpram_16x43.v,VERILOG_ENCRYPT,CADENCE_SPECIFIC,altera_eth_tse_mac,false
altera_eth_tse_mac_1950/sim/mentor/altera_tse_dpram_16x32.v,VERILOG_ENCRYPT,MENTOR_SPECIFIC,altera_eth_tse_mac,false
altera_eth_tse_mac_1950/sim/aldec/altera_tse_dpram_16x32.v,VERILOG_ENCRYPT,ALDEC_SPECIFIC,altera_eth_tse_mac,false
altera_eth_tse_mac_1950/sim/synopsys/altera_tse_dpram_16x32.v,VERILOG_ENCRYPT,SYNOPSYS_SPECIFIC,altera_eth_tse_mac,false
altera_eth_tse_mac_1950/sim/cadence/altera_tse_dpram_16x32.v,VERILOG_ENCRYPT,CADENCE_SPECIFIC,altera_eth_tse_mac,false
altera_eth_tse_mac_1950/sim/mentor/altera_tse_dpram_8x32.v,VERILOG_ENCRYPT,MENTOR_SPECIFIC,altera_eth_tse_mac,false
altera_eth_tse_mac_1950/sim/aldec/altera_tse_dpram_8x32.v,VERILOG_ENCRYPT,ALDEC_SPECIFIC,altera_eth_tse_mac,false
altera_eth_tse_mac_1950/sim/synopsys/altera_tse_dpram_8x32.v,VERILOG_ENCRYPT,SYNOPSYS_SPECIFIC,altera_eth_tse_mac,false
altera_eth_tse_mac_1950/sim/cadence/altera_tse_dpram_8x32.v,VERILOG_ENCRYPT,CADENCE_SPECIFIC,altera_eth_tse_mac,false
altera_eth_tse_mac_1950/sim/mentor/altera_tse_dpram_ecc_16x32.v,VERILOG_ENCRYPT,MENTOR_SPECIFIC,altera_eth_tse_mac,false
altera_eth_tse_mac_1950/sim/aldec/altera_tse_dpram_ecc_16x32.v,VERILOG_ENCRYPT,ALDEC_SPECIFIC,altera_eth_tse_mac,false
altera_eth_tse_mac_1950/sim/synopsys/altera_tse_dpram_ecc_16x32.v,VERILOG_ENCRYPT,SYNOPSYS_SPECIFIC,altera_eth_tse_mac,false
altera_eth_tse_mac_1950/sim/cadence/altera_tse_dpram_ecc_16x32.v,VERILOG_ENCRYPT,CADENCE_SPECIFIC,altera_eth_tse_mac,false
altera_eth_tse_mac_1950/sim/mentor/altera_tse_fifoless_retransmit_cntl.v,VERILOG_ENCRYPT,MENTOR_SPECIFIC,altera_eth_tse_mac,false
altera_eth_tse_mac_1950/sim/aldec/altera_tse_fifoless_retransmit_cntl.v,VERILOG_ENCRYPT,ALDEC_SPECIFIC,altera_eth_tse_mac,false
altera_eth_tse_mac_1950/sim/synopsys/altera_tse_fifoless_retransmit_cntl.v,VERILOG_ENCRYPT,SYNOPSYS_SPECIFIC,altera_eth_tse_mac,false
altera_eth_tse_mac_1950/sim/cadence/altera_tse_fifoless_retransmit_cntl.v,VERILOG_ENCRYPT,CADENCE_SPECIFIC,altera_eth_tse_mac,false
altera_eth_tse_mac_1950/sim/mentor/altera_tse_retransmit_cntl.v,VERILOG_ENCRYPT,MENTOR_SPECIFIC,altera_eth_tse_mac,false
altera_eth_tse_mac_1950/sim/aldec/altera_tse_retransmit_cntl.v,VERILOG_ENCRYPT,ALDEC_SPECIFIC,altera_eth_tse_mac,false
altera_eth_tse_mac_1950/sim/synopsys/altera_tse_retransmit_cntl.v,VERILOG_ENCRYPT,SYNOPSYS_SPECIFIC,altera_eth_tse_mac,false
altera_eth_tse_mac_1950/sim/cadence/altera_tse_retransmit_cntl.v,VERILOG_ENCRYPT,CADENCE_SPECIFIC,altera_eth_tse_mac,false
altera_eth_tse_mac_1950/sim/mentor/altera_tse_rgmii_in1.v,VERILOG_ENCRYPT,MENTOR_SPECIFIC,altera_eth_tse_mac,false
altera_eth_tse_mac_1950/sim/aldec/altera_tse_rgmii_in1.v,VERILOG_ENCRYPT,ALDEC_SPECIFIC,altera_eth_tse_mac,false
altera_eth_tse_mac_1950/sim/synopsys/altera_tse_rgmii_in1.v,VERILOG_ENCRYPT,SYNOPSYS_SPECIFIC,altera_eth_tse_mac,false
altera_eth_tse_mac_1950/sim/cadence/altera_tse_rgmii_in1.v,VERILOG_ENCRYPT,CADENCE_SPECIFIC,altera_eth_tse_mac,false
altera_eth_tse_mac_1950/sim/mentor/altera_tse_rgmii_in4.v,VERILOG_ENCRYPT,MENTOR_SPECIFIC,altera_eth_tse_mac,false
altera_eth_tse_mac_1950/sim/aldec/altera_tse_rgmii_in4.v,VERILOG_ENCRYPT,ALDEC_SPECIFIC,altera_eth_tse_mac,false
altera_eth_tse_mac_1950/sim/synopsys/altera_tse_rgmii_in4.v,VERILOG_ENCRYPT,SYNOPSYS_SPECIFIC,altera_eth_tse_mac,false
altera_eth_tse_mac_1950/sim/cadence/altera_tse_rgmii_in4.v,VERILOG_ENCRYPT,CADENCE_SPECIFIC,altera_eth_tse_mac,false
altera_eth_tse_mac_1950/sim/mentor/altera_tse_nf_rgmii_module.v,VERILOG_ENCRYPT,MENTOR_SPECIFIC,altera_eth_tse_mac,false
altera_eth_tse_mac_1950/sim/aldec/altera_tse_nf_rgmii_module.v,VERILOG_ENCRYPT,ALDEC_SPECIFIC,altera_eth_tse_mac,false
altera_eth_tse_mac_1950/sim/synopsys/altera_tse_nf_rgmii_module.v,VERILOG_ENCRYPT,SYNOPSYS_SPECIFIC,altera_eth_tse_mac,false
altera_eth_tse_mac_1950/sim/cadence/altera_tse_nf_rgmii_module.v,VERILOG_ENCRYPT,CADENCE_SPECIFIC,altera_eth_tse_mac,false
altera_eth_tse_mac_1950/sim/mentor/altera_tse_rgmii_module.v,VERILOG_ENCRYPT,MENTOR_SPECIFIC,altera_eth_tse_mac,false
altera_eth_tse_mac_1950/sim/aldec/altera_tse_rgmii_module.v,VERILOG_ENCRYPT,ALDEC_SPECIFIC,altera_eth_tse_mac,false
altera_eth_tse_mac_1950/sim/synopsys/altera_tse_rgmii_module.v,VERILOG_ENCRYPT,SYNOPSYS_SPECIFIC,altera_eth_tse_mac,false
altera_eth_tse_mac_1950/sim/cadence/altera_tse_rgmii_module.v,VERILOG_ENCRYPT,CADENCE_SPECIFIC,altera_eth_tse_mac,false
altera_eth_tse_mac_1950/sim/mentor/altera_tse_rgmii_out1.v,VERILOG_ENCRYPT,MENTOR_SPECIFIC,altera_eth_tse_mac,false
altera_eth_tse_mac_1950/sim/aldec/altera_tse_rgmii_out1.v,VERILOG_ENCRYPT,ALDEC_SPECIFIC,altera_eth_tse_mac,false
altera_eth_tse_mac_1950/sim/synopsys/altera_tse_rgmii_out1.v,VERILOG_ENCRYPT,SYNOPSYS_SPECIFIC,altera_eth_tse_mac,false
altera_eth_tse_mac_1950/sim/cadence/altera_tse_rgmii_out1.v,VERILOG_ENCRYPT,CADENCE_SPECIFIC,altera_eth_tse_mac,false
altera_eth_tse_mac_1950/sim/mentor/altera_tse_rgmii_out4.v,VERILOG_ENCRYPT,MENTOR_SPECIFIC,altera_eth_tse_mac,false
altera_eth_tse_mac_1950/sim/aldec/altera_tse_rgmii_out4.v,VERILOG_ENCRYPT,ALDEC_SPECIFIC,altera_eth_tse_mac,false
altera_eth_tse_mac_1950/sim/synopsys/altera_tse_rgmii_out4.v,VERILOG_ENCRYPT,SYNOPSYS_SPECIFIC,altera_eth_tse_mac,false
altera_eth_tse_mac_1950/sim/cadence/altera_tse_rgmii_out4.v,VERILOG_ENCRYPT,CADENCE_SPECIFIC,altera_eth_tse_mac,false
altera_eth_tse_mac_1950/sim/mentor/altera_tse_rx_ff.v,VERILOG_ENCRYPT,MENTOR_SPECIFIC,altera_eth_tse_mac,false
altera_eth_tse_mac_1950/sim/aldec/altera_tse_rx_ff.v,VERILOG_ENCRYPT,ALDEC_SPECIFIC,altera_eth_tse_mac,false
altera_eth_tse_mac_1950/sim/synopsys/altera_tse_rx_ff.v,VERILOG_ENCRYPT,SYNOPSYS_SPECIFIC,altera_eth_tse_mac,false
altera_eth_tse_mac_1950/sim/cadence/altera_tse_rx_ff.v,VERILOG_ENCRYPT,CADENCE_SPECIFIC,altera_eth_tse_mac,false
altera_eth_tse_mac_1950/sim/mentor/altera_tse_rx_min_ff.v,VERILOG_ENCRYPT,MENTOR_SPECIFIC,altera_eth_tse_mac,false
altera_eth_tse_mac_1950/sim/aldec/altera_tse_rx_min_ff.v,VERILOG_ENCRYPT,ALDEC_SPECIFIC,altera_eth_tse_mac,false
altera_eth_tse_mac_1950/sim/synopsys/altera_tse_rx_min_ff.v,VERILOG_ENCRYPT,SYNOPSYS_SPECIFIC,altera_eth_tse_mac,false
altera_eth_tse_mac_1950/sim/cadence/altera_tse_rx_min_ff.v,VERILOG_ENCRYPT,CADENCE_SPECIFIC,altera_eth_tse_mac,false
altera_eth_tse_mac_1950/sim/mentor/altera_tse_rx_ff_cntrl.v,VERILOG_ENCRYPT,MENTOR_SPECIFIC,altera_eth_tse_mac,false
altera_eth_tse_mac_1950/sim/aldec/altera_tse_rx_ff_cntrl.v,VERILOG_ENCRYPT,ALDEC_SPECIFIC,altera_eth_tse_mac,false
altera_eth_tse_mac_1950/sim/synopsys/altera_tse_rx_ff_cntrl.v,VERILOG_ENCRYPT,SYNOPSYS_SPECIFIC,altera_eth_tse_mac,false
altera_eth_tse_mac_1950/sim/cadence/altera_tse_rx_ff_cntrl.v,VERILOG_ENCRYPT,CADENCE_SPECIFIC,altera_eth_tse_mac,false
altera_eth_tse_mac_1950/sim/mentor/altera_tse_rx_ff_cntrl_32.v,VERILOG_ENCRYPT,MENTOR_SPECIFIC,altera_eth_tse_mac,false
altera_eth_tse_mac_1950/sim/aldec/altera_tse_rx_ff_cntrl_32.v,VERILOG_ENCRYPT,ALDEC_SPECIFIC,altera_eth_tse_mac,false
altera_eth_tse_mac_1950/sim/synopsys/altera_tse_rx_ff_cntrl_32.v,VERILOG_ENCRYPT,SYNOPSYS_SPECIFIC,altera_eth_tse_mac,false
altera_eth_tse_mac_1950/sim/cadence/altera_tse_rx_ff_cntrl_32.v,VERILOG_ENCRYPT,CADENCE_SPECIFIC,altera_eth_tse_mac,false
altera_eth_tse_mac_1950/sim/mentor/altera_tse_rx_ff_cntrl_32_shift16.v,VERILOG_ENCRYPT,MENTOR_SPECIFIC,altera_eth_tse_mac,false
altera_eth_tse_mac_1950/sim/aldec/altera_tse_rx_ff_cntrl_32_shift16.v,VERILOG_ENCRYPT,ALDEC_SPECIFIC,altera_eth_tse_mac,false
altera_eth_tse_mac_1950/sim/synopsys/altera_tse_rx_ff_cntrl_32_shift16.v,VERILOG_ENCRYPT,SYNOPSYS_SPECIFIC,altera_eth_tse_mac,false
altera_eth_tse_mac_1950/sim/cadence/altera_tse_rx_ff_cntrl_32_shift16.v,VERILOG_ENCRYPT,CADENCE_SPECIFIC,altera_eth_tse_mac,false
altera_eth_tse_mac_1950/sim/mentor/altera_tse_rx_ff_length.v,VERILOG_ENCRYPT,MENTOR_SPECIFIC,altera_eth_tse_mac,false
altera_eth_tse_mac_1950/sim/aldec/altera_tse_rx_ff_length.v,VERILOG_ENCRYPT,ALDEC_SPECIFIC,altera_eth_tse_mac,false
altera_eth_tse_mac_1950/sim/synopsys/altera_tse_rx_ff_length.v,VERILOG_ENCRYPT,SYNOPSYS_SPECIFIC,altera_eth_tse_mac,false
altera_eth_tse_mac_1950/sim/cadence/altera_tse_rx_ff_length.v,VERILOG_ENCRYPT,CADENCE_SPECIFIC,altera_eth_tse_mac,false
altera_eth_tse_mac_1950/sim/mentor/altera_tse_rx_stat_extract.v,VERILOG_ENCRYPT,MENTOR_SPECIFIC,altera_eth_tse_mac,false
altera_eth_tse_mac_1950/sim/aldec/altera_tse_rx_stat_extract.v,VERILOG_ENCRYPT,ALDEC_SPECIFIC,altera_eth_tse_mac,false
altera_eth_tse_mac_1950/sim/synopsys/altera_tse_rx_stat_extract.v,VERILOG_ENCRYPT,SYNOPSYS_SPECIFIC,altera_eth_tse_mac,false
altera_eth_tse_mac_1950/sim/cadence/altera_tse_rx_stat_extract.v,VERILOG_ENCRYPT,CADENCE_SPECIFIC,altera_eth_tse_mac,false
altera_eth_tse_mac_1950/sim/mentor/altera_tse_timing_adapter32.v,VERILOG_ENCRYPT,MENTOR_SPECIFIC,altera_eth_tse_mac,false
altera_eth_tse_mac_1950/sim/aldec/altera_tse_timing_adapter32.v,VERILOG_ENCRYPT,ALDEC_SPECIFIC,altera_eth_tse_mac,false
altera_eth_tse_mac_1950/sim/synopsys/altera_tse_timing_adapter32.v,VERILOG_ENCRYPT,SYNOPSYS_SPECIFIC,altera_eth_tse_mac,false
altera_eth_tse_mac_1950/sim/cadence/altera_tse_timing_adapter32.v,VERILOG_ENCRYPT,CADENCE_SPECIFIC,altera_eth_tse_mac,false
altera_eth_tse_mac_1950/sim/mentor/altera_tse_timing_adapter8.v,VERILOG_ENCRYPT,MENTOR_SPECIFIC,altera_eth_tse_mac,false
altera_eth_tse_mac_1950/sim/aldec/altera_tse_timing_adapter8.v,VERILOG_ENCRYPT,ALDEC_SPECIFIC,altera_eth_tse_mac,false
altera_eth_tse_mac_1950/sim/synopsys/altera_tse_timing_adapter8.v,VERILOG_ENCRYPT,SYNOPSYS_SPECIFIC,altera_eth_tse_mac,false
altera_eth_tse_mac_1950/sim/cadence/altera_tse_timing_adapter8.v,VERILOG_ENCRYPT,CADENCE_SPECIFIC,altera_eth_tse_mac,false
altera_eth_tse_mac_1950/sim/mentor/altera_tse_timing_adapter_fifo32.v,VERILOG_ENCRYPT,MENTOR_SPECIFIC,altera_eth_tse_mac,false
altera_eth_tse_mac_1950/sim/aldec/altera_tse_timing_adapter_fifo32.v,VERILOG_ENCRYPT,ALDEC_SPECIFIC,altera_eth_tse_mac,false
altera_eth_tse_mac_1950/sim/synopsys/altera_tse_timing_adapter_fifo32.v,VERILOG_ENCRYPT,SYNOPSYS_SPECIFIC,altera_eth_tse_mac,false
altera_eth_tse_mac_1950/sim/cadence/altera_tse_timing_adapter_fifo32.v,VERILOG_ENCRYPT,CADENCE_SPECIFIC,altera_eth_tse_mac,false
altera_eth_tse_mac_1950/sim/mentor/altera_tse_timing_adapter_fifo8.v,VERILOG_ENCRYPT,MENTOR_SPECIFIC,altera_eth_tse_mac,false
altera_eth_tse_mac_1950/sim/aldec/altera_tse_timing_adapter_fifo8.v,VERILOG_ENCRYPT,ALDEC_SPECIFIC,altera_eth_tse_mac,false
altera_eth_tse_mac_1950/sim/synopsys/altera_tse_timing_adapter_fifo8.v,VERILOG_ENCRYPT,SYNOPSYS_SPECIFIC,altera_eth_tse_mac,false
altera_eth_tse_mac_1950/sim/cadence/altera_tse_timing_adapter_fifo8.v,VERILOG_ENCRYPT,CADENCE_SPECIFIC,altera_eth_tse_mac,false
altera_eth_tse_mac_1950/sim/mentor/altera_tse_top_1geth.v,VERILOG_ENCRYPT,MENTOR_SPECIFIC,altera_eth_tse_mac,false
altera_eth_tse_mac_1950/sim/aldec/altera_tse_top_1geth.v,VERILOG_ENCRYPT,ALDEC_SPECIFIC,altera_eth_tse_mac,false
altera_eth_tse_mac_1950/sim/synopsys/altera_tse_top_1geth.v,VERILOG_ENCRYPT,SYNOPSYS_SPECIFIC,altera_eth_tse_mac,false
altera_eth_tse_mac_1950/sim/cadence/altera_tse_top_1geth.v,VERILOG_ENCRYPT,CADENCE_SPECIFIC,altera_eth_tse_mac,false
altera_eth_tse_mac_1950/sim/mentor/altera_tse_top_fifoless_1geth.v,VERILOG_ENCRYPT,MENTOR_SPECIFIC,altera_eth_tse_mac,false
altera_eth_tse_mac_1950/sim/aldec/altera_tse_top_fifoless_1geth.v,VERILOG_ENCRYPT,ALDEC_SPECIFIC,altera_eth_tse_mac,false
altera_eth_tse_mac_1950/sim/synopsys/altera_tse_top_fifoless_1geth.v,VERILOG_ENCRYPT,SYNOPSYS_SPECIFIC,altera_eth_tse_mac,false
altera_eth_tse_mac_1950/sim/cadence/altera_tse_top_fifoless_1geth.v,VERILOG_ENCRYPT,CADENCE_SPECIFIC,altera_eth_tse_mac,false
altera_eth_tse_mac_1950/sim/mentor/altera_tse_top_w_fifo.v,VERILOG_ENCRYPT,MENTOR_SPECIFIC,altera_eth_tse_mac,false
altera_eth_tse_mac_1950/sim/aldec/altera_tse_top_w_fifo.v,VERILOG_ENCRYPT,ALDEC_SPECIFIC,altera_eth_tse_mac,false
altera_eth_tse_mac_1950/sim/synopsys/altera_tse_top_w_fifo.v,VERILOG_ENCRYPT,SYNOPSYS_SPECIFIC,altera_eth_tse_mac,false
altera_eth_tse_mac_1950/sim/cadence/altera_tse_top_w_fifo.v,VERILOG_ENCRYPT,CADENCE_SPECIFIC,altera_eth_tse_mac,false
altera_eth_tse_mac_1950/sim/mentor/altera_tse_top_w_fifo_10_100_1000.v,VERILOG_ENCRYPT,MENTOR_SPECIFIC,altera_eth_tse_mac,false
altera_eth_tse_mac_1950/sim/aldec/altera_tse_top_w_fifo_10_100_1000.v,VERILOG_ENCRYPT,ALDEC_SPECIFIC,altera_eth_tse_mac,false
altera_eth_tse_mac_1950/sim/synopsys/altera_tse_top_w_fifo_10_100_1000.v,VERILOG_ENCRYPT,SYNOPSYS_SPECIFIC,altera_eth_tse_mac,false
altera_eth_tse_mac_1950/sim/cadence/altera_tse_top_w_fifo_10_100_1000.v,VERILOG_ENCRYPT,CADENCE_SPECIFIC,altera_eth_tse_mac,false
altera_eth_tse_mac_1950/sim/mentor/altera_tse_top_wo_fifo.v,VERILOG_ENCRYPT,MENTOR_SPECIFIC,altera_eth_tse_mac,false
altera_eth_tse_mac_1950/sim/aldec/altera_tse_top_wo_fifo.v,VERILOG_ENCRYPT,ALDEC_SPECIFIC,altera_eth_tse_mac,false
altera_eth_tse_mac_1950/sim/synopsys/altera_tse_top_wo_fifo.v,VERILOG_ENCRYPT,SYNOPSYS_SPECIFIC,altera_eth_tse_mac,false
altera_eth_tse_mac_1950/sim/cadence/altera_tse_top_wo_fifo.v,VERILOG_ENCRYPT,CADENCE_SPECIFIC,altera_eth_tse_mac,false
altera_eth_tse_mac_1950/sim/mentor/altera_tse_top_wo_fifo_10_100_1000.v,VERILOG_ENCRYPT,MENTOR_SPECIFIC,altera_eth_tse_mac,false
altera_eth_tse_mac_1950/sim/aldec/altera_tse_top_wo_fifo_10_100_1000.v,VERILOG_ENCRYPT,ALDEC_SPECIFIC,altera_eth_tse_mac,false
altera_eth_tse_mac_1950/sim/synopsys/altera_tse_top_wo_fifo_10_100_1000.v,VERILOG_ENCRYPT,SYNOPSYS_SPECIFIC,altera_eth_tse_mac,false
altera_eth_tse_mac_1950/sim/cadence/altera_tse_top_wo_fifo_10_100_1000.v,VERILOG_ENCRYPT,CADENCE_SPECIFIC,altera_eth_tse_mac,false
altera_eth_tse_mac_1950/sim/mentor/altera_tse_top_gen_host.v,VERILOG_ENCRYPT,MENTOR_SPECIFIC,altera_eth_tse_mac,false
altera_eth_tse_mac_1950/sim/aldec/altera_tse_top_gen_host.v,VERILOG_ENCRYPT,ALDEC_SPECIFIC,altera_eth_tse_mac,false
altera_eth_tse_mac_1950/sim/synopsys/altera_tse_top_gen_host.v,VERILOG_ENCRYPT,SYNOPSYS_SPECIFIC,altera_eth_tse_mac,false
altera_eth_tse_mac_1950/sim/cadence/altera_tse_top_gen_host.v,VERILOG_ENCRYPT,CADENCE_SPECIFIC,altera_eth_tse_mac,false
altera_eth_tse_mac_1950/sim/mentor/altera_tse_tx_ff.v,VERILOG_ENCRYPT,MENTOR_SPECIFIC,altera_eth_tse_mac,false
altera_eth_tse_mac_1950/sim/aldec/altera_tse_tx_ff.v,VERILOG_ENCRYPT,ALDEC_SPECIFIC,altera_eth_tse_mac,false
altera_eth_tse_mac_1950/sim/synopsys/altera_tse_tx_ff.v,VERILOG_ENCRYPT,SYNOPSYS_SPECIFIC,altera_eth_tse_mac,false
altera_eth_tse_mac_1950/sim/cadence/altera_tse_tx_ff.v,VERILOG_ENCRYPT,CADENCE_SPECIFIC,altera_eth_tse_mac,false
altera_eth_tse_mac_1950/sim/mentor/altera_tse_tx_min_ff.v,VERILOG_ENCRYPT,MENTOR_SPECIFIC,altera_eth_tse_mac,false
altera_eth_tse_mac_1950/sim/aldec/altera_tse_tx_min_ff.v,VERILOG_ENCRYPT,ALDEC_SPECIFIC,altera_eth_tse_mac,false
altera_eth_tse_mac_1950/sim/synopsys/altera_tse_tx_min_ff.v,VERILOG_ENCRYPT,SYNOPSYS_SPECIFIC,altera_eth_tse_mac,false
altera_eth_tse_mac_1950/sim/cadence/altera_tse_tx_min_ff.v,VERILOG_ENCRYPT,CADENCE_SPECIFIC,altera_eth_tse_mac,false
altera_eth_tse_mac_1950/sim/mentor/altera_tse_tx_ff_cntrl.v,VERILOG_ENCRYPT,MENTOR_SPECIFIC,altera_eth_tse_mac,false
altera_eth_tse_mac_1950/sim/aldec/altera_tse_tx_ff_cntrl.v,VERILOG_ENCRYPT,ALDEC_SPECIFIC,altera_eth_tse_mac,false
altera_eth_tse_mac_1950/sim/synopsys/altera_tse_tx_ff_cntrl.v,VERILOG_ENCRYPT,SYNOPSYS_SPECIFIC,altera_eth_tse_mac,false
altera_eth_tse_mac_1950/sim/cadence/altera_tse_tx_ff_cntrl.v,VERILOG_ENCRYPT,CADENCE_SPECIFIC,altera_eth_tse_mac,false
altera_eth_tse_mac_1950/sim/mentor/altera_tse_tx_ff_cntrl_32.v,VERILOG_ENCRYPT,MENTOR_SPECIFIC,altera_eth_tse_mac,false
altera_eth_tse_mac_1950/sim/aldec/altera_tse_tx_ff_cntrl_32.v,VERILOG_ENCRYPT,ALDEC_SPECIFIC,altera_eth_tse_mac,false
altera_eth_tse_mac_1950/sim/synopsys/altera_tse_tx_ff_cntrl_32.v,VERILOG_ENCRYPT,SYNOPSYS_SPECIFIC,altera_eth_tse_mac,false
altera_eth_tse_mac_1950/sim/cadence/altera_tse_tx_ff_cntrl_32.v,VERILOG_ENCRYPT,CADENCE_SPECIFIC,altera_eth_tse_mac,false
altera_eth_tse_mac_1950/sim/mentor/altera_tse_tx_ff_cntrl_32_shift16.v,VERILOG_ENCRYPT,MENTOR_SPECIFIC,altera_eth_tse_mac,false
altera_eth_tse_mac_1950/sim/aldec/altera_tse_tx_ff_cntrl_32_shift16.v,VERILOG_ENCRYPT,ALDEC_SPECIFIC,altera_eth_tse_mac,false
altera_eth_tse_mac_1950/sim/synopsys/altera_tse_tx_ff_cntrl_32_shift16.v,VERILOG_ENCRYPT,SYNOPSYS_SPECIFIC,altera_eth_tse_mac,false
altera_eth_tse_mac_1950/sim/cadence/altera_tse_tx_ff_cntrl_32_shift16.v,VERILOG_ENCRYPT,CADENCE_SPECIFIC,altera_eth_tse_mac,false
altera_eth_tse_mac_1950/sim/mentor/altera_tse_tx_ff_length.v,VERILOG_ENCRYPT,MENTOR_SPECIFIC,altera_eth_tse_mac,false
altera_eth_tse_mac_1950/sim/aldec/altera_tse_tx_ff_length.v,VERILOG_ENCRYPT,ALDEC_SPECIFIC,altera_eth_tse_mac,false
altera_eth_tse_mac_1950/sim/synopsys/altera_tse_tx_ff_length.v,VERILOG_ENCRYPT,SYNOPSYS_SPECIFIC,altera_eth_tse_mac,false
altera_eth_tse_mac_1950/sim/cadence/altera_tse_tx_ff_length.v,VERILOG_ENCRYPT,CADENCE_SPECIFIC,altera_eth_tse_mac,false
altera_eth_tse_mac_1950/sim/mentor/altera_tse_tx_ff_read_cntl.v,VERILOG_ENCRYPT,MENTOR_SPECIFIC,altera_eth_tse_mac,false
altera_eth_tse_mac_1950/sim/aldec/altera_tse_tx_ff_read_cntl.v,VERILOG_ENCRYPT,ALDEC_SPECIFIC,altera_eth_tse_mac,false
altera_eth_tse_mac_1950/sim/synopsys/altera_tse_tx_ff_read_cntl.v,VERILOG_ENCRYPT,SYNOPSYS_SPECIFIC,altera_eth_tse_mac,false
altera_eth_tse_mac_1950/sim/cadence/altera_tse_tx_ff_read_cntl.v,VERILOG_ENCRYPT,CADENCE_SPECIFIC,altera_eth_tse_mac,false
altera_eth_tse_mac_1950/sim/mentor/altera_tse_tx_stat_extract.v,VERILOG_ENCRYPT,MENTOR_SPECIFIC,altera_eth_tse_mac,false
altera_eth_tse_mac_1950/sim/aldec/altera_tse_tx_stat_extract.v,VERILOG_ENCRYPT,ALDEC_SPECIFIC,altera_eth_tse_mac,false
altera_eth_tse_mac_1950/sim/synopsys/altera_tse_tx_stat_extract.v,VERILOG_ENCRYPT,SYNOPSYS_SPECIFIC,altera_eth_tse_mac,false
altera_eth_tse_mac_1950/sim/cadence/altera_tse_tx_stat_extract.v,VERILOG_ENCRYPT,CADENCE_SPECIFIC,altera_eth_tse_mac,false
altera_eth_tse_mac_1950/sim/mentor/altera_eth_tse_std_synchronizer.v,VERILOG_ENCRYPT,MENTOR_SPECIFIC,altera_eth_tse_mac,false
altera_eth_tse_mac_1950/sim/aldec/altera_eth_tse_std_synchronizer.v,VERILOG_ENCRYPT,ALDEC_SPECIFIC,altera_eth_tse_mac,false
altera_eth_tse_mac_1950/sim/synopsys/altera_eth_tse_std_synchronizer.v,VERILOG_ENCRYPT,SYNOPSYS_SPECIFIC,altera_eth_tse_mac,false
altera_eth_tse_mac_1950/sim/cadence/altera_eth_tse_std_synchronizer.v,VERILOG_ENCRYPT,CADENCE_SPECIFIC,altera_eth_tse_mac,false
altera_eth_tse_mac_1950/sim/mentor/altera_eth_tse_std_synchronizer_bundle.v,VERILOG_ENCRYPT,MENTOR_SPECIFIC,altera_eth_tse_mac,false
altera_eth_tse_mac_1950/sim/aldec/altera_eth_tse_std_synchronizer_bundle.v,VERILOG_ENCRYPT,ALDEC_SPECIFIC,altera_eth_tse_mac,false
altera_eth_tse_mac_1950/sim/synopsys/altera_eth_tse_std_synchronizer_bundle.v,VERILOG_ENCRYPT,SYNOPSYS_SPECIFIC,altera_eth_tse_mac,false
altera_eth_tse_mac_1950/sim/cadence/altera_eth_tse_std_synchronizer_bundle.v,VERILOG_ENCRYPT,CADENCE_SPECIFIC,altera_eth_tse_mac,false
altera_eth_tse_mac_1950/sim/mentor/altera_eth_tse_ptp_std_synchronizer.v,VERILOG_ENCRYPT,MENTOR_SPECIFIC,altera_eth_tse_mac,false
altera_eth_tse_mac_1950/sim/aldec/altera_eth_tse_ptp_std_synchronizer.v,VERILOG_ENCRYPT,ALDEC_SPECIFIC,altera_eth_tse_mac,false
altera_eth_tse_mac_1950/sim/synopsys/altera_eth_tse_ptp_std_synchronizer.v,VERILOG_ENCRYPT,SYNOPSYS_SPECIFIC,altera_eth_tse_mac,false
altera_eth_tse_mac_1950/sim/cadence/altera_eth_tse_ptp_std_synchronizer.v,VERILOG_ENCRYPT,CADENCE_SPECIFIC,altera_eth_tse_mac,false
altera_eth_tse_mac_1950/sim/mentor/altera_tse_false_path_marker.v,VERILOG_ENCRYPT,MENTOR_SPECIFIC,altera_eth_tse_mac,false
altera_eth_tse_mac_1950/sim/aldec/altera_tse_false_path_marker.v,VERILOG_ENCRYPT,ALDEC_SPECIFIC,altera_eth_tse_mac,false
altera_eth_tse_mac_1950/sim/synopsys/altera_tse_false_path_marker.v,VERILOG_ENCRYPT,SYNOPSYS_SPECIFIC,altera_eth_tse_mac,false
altera_eth_tse_mac_1950/sim/cadence/altera_tse_false_path_marker.v,VERILOG_ENCRYPT,CADENCE_SPECIFIC,altera_eth_tse_mac,false
altera_eth_tse_mac_1950/sim/mentor/altera_tse_reset_synchronizer.v,VERILOG_ENCRYPT,MENTOR_SPECIFIC,altera_eth_tse_mac,false
altera_eth_tse_mac_1950/sim/aldec/altera_tse_reset_synchronizer.v,VERILOG_ENCRYPT,ALDEC_SPECIFIC,altera_eth_tse_mac,false
altera_eth_tse_mac_1950/sim/synopsys/altera_tse_reset_synchronizer.v,VERILOG_ENCRYPT,SYNOPSYS_SPECIFIC,altera_eth_tse_mac,false
altera_eth_tse_mac_1950/sim/cadence/altera_tse_reset_synchronizer.v,VERILOG_ENCRYPT,CADENCE_SPECIFIC,altera_eth_tse_mac,false
altera_eth_tse_mac_1950/sim/mentor/altera_tse_clock_crosser.v,VERILOG_ENCRYPT,MENTOR_SPECIFIC,altera_eth_tse_mac,false
altera_eth_tse_mac_1950/sim/aldec/altera_tse_clock_crosser.v,VERILOG_ENCRYPT,ALDEC_SPECIFIC,altera_eth_tse_mac,false
altera_eth_tse_mac_1950/sim/synopsys/altera_tse_clock_crosser.v,VERILOG_ENCRYPT,SYNOPSYS_SPECIFIC,altera_eth_tse_mac,false
altera_eth_tse_mac_1950/sim/cadence/altera_tse_clock_crosser.v,VERILOG_ENCRYPT,CADENCE_SPECIFIC,altera_eth_tse_mac,false
altera_eth_tse_mac_1950/sim/mentor/altera_tse_a_fifo_13.v,VERILOG_ENCRYPT,MENTOR_SPECIFIC,altera_eth_tse_mac,false
altera_eth_tse_mac_1950/sim/aldec/altera_tse_a_fifo_13.v,VERILOG_ENCRYPT,ALDEC_SPECIFIC,altera_eth_tse_mac,false
altera_eth_tse_mac_1950/sim/synopsys/altera_tse_a_fifo_13.v,VERILOG_ENCRYPT,SYNOPSYS_SPECIFIC,altera_eth_tse_mac,false
altera_eth_tse_mac_1950/sim/cadence/altera_tse_a_fifo_13.v,VERILOG_ENCRYPT,CADENCE_SPECIFIC,altera_eth_tse_mac,false
altera_eth_tse_mac_1950/sim/mentor/altera_tse_a_fifo_24.v,VERILOG_ENCRYPT,MENTOR_SPECIFIC,altera_eth_tse_mac,false
altera_eth_tse_mac_1950/sim/aldec/altera_tse_a_fifo_24.v,VERILOG_ENCRYPT,ALDEC_SPECIFIC,altera_eth_tse_mac,false
altera_eth_tse_mac_1950/sim/synopsys/altera_tse_a_fifo_24.v,VERILOG_ENCRYPT,SYNOPSYS_SPECIFIC,altera_eth_tse_mac,false
altera_eth_tse_mac_1950/sim/cadence/altera_tse_a_fifo_24.v,VERILOG_ENCRYPT,CADENCE_SPECIFIC,altera_eth_tse_mac,false
altera_eth_tse_mac_1950/sim/mentor/altera_tse_a_fifo_34.v,VERILOG_ENCRYPT,MENTOR_SPECIFIC,altera_eth_tse_mac,false
altera_eth_tse_mac_1950/sim/aldec/altera_tse_a_fifo_34.v,VERILOG_ENCRYPT,ALDEC_SPECIFIC,altera_eth_tse_mac,false
altera_eth_tse_mac_1950/sim/synopsys/altera_tse_a_fifo_34.v,VERILOG_ENCRYPT,SYNOPSYS_SPECIFIC,altera_eth_tse_mac,false
altera_eth_tse_mac_1950/sim/cadence/altera_tse_a_fifo_34.v,VERILOG_ENCRYPT,CADENCE_SPECIFIC,altera_eth_tse_mac,false
altera_eth_tse_mac_1950/sim/mentor/altera_tse_a_fifo_opt_1246.v,VERILOG_ENCRYPT,MENTOR_SPECIFIC,altera_eth_tse_mac,false
altera_eth_tse_mac_1950/sim/aldec/altera_tse_a_fifo_opt_1246.v,VERILOG_ENCRYPT,ALDEC_SPECIFIC,altera_eth_tse_mac,false
altera_eth_tse_mac_1950/sim/synopsys/altera_tse_a_fifo_opt_1246.v,VERILOG_ENCRYPT,SYNOPSYS_SPECIFIC,altera_eth_tse_mac,false
altera_eth_tse_mac_1950/sim/cadence/altera_tse_a_fifo_opt_1246.v,VERILOG_ENCRYPT,CADENCE_SPECIFIC,altera_eth_tse_mac,false
altera_eth_tse_mac_1950/sim/mentor/altera_tse_a_fifo_opt_14_44.v,VERILOG_ENCRYPT,MENTOR_SPECIFIC,altera_eth_tse_mac,false
altera_eth_tse_mac_1950/sim/aldec/altera_tse_a_fifo_opt_14_44.v,VERILOG_ENCRYPT,ALDEC_SPECIFIC,altera_eth_tse_mac,false
altera_eth_tse_mac_1950/sim/synopsys/altera_tse_a_fifo_opt_14_44.v,VERILOG_ENCRYPT,SYNOPSYS_SPECIFIC,altera_eth_tse_mac,false
altera_eth_tse_mac_1950/sim/cadence/altera_tse_a_fifo_opt_14_44.v,VERILOG_ENCRYPT,CADENCE_SPECIFIC,altera_eth_tse_mac,false
altera_eth_tse_mac_1950/sim/mentor/altera_tse_a_fifo_opt_36_10.v,VERILOG_ENCRYPT,MENTOR_SPECIFIC,altera_eth_tse_mac,false
altera_eth_tse_mac_1950/sim/aldec/altera_tse_a_fifo_opt_36_10.v,VERILOG_ENCRYPT,ALDEC_SPECIFIC,altera_eth_tse_mac,false
altera_eth_tse_mac_1950/sim/synopsys/altera_tse_a_fifo_opt_36_10.v,VERILOG_ENCRYPT,SYNOPSYS_SPECIFIC,altera_eth_tse_mac,false
altera_eth_tse_mac_1950/sim/cadence/altera_tse_a_fifo_opt_36_10.v,VERILOG_ENCRYPT,CADENCE_SPECIFIC,altera_eth_tse_mac,false
altera_eth_tse_mac_1950/sim/mentor/altera_tse_gray_cnt.v,VERILOG_ENCRYPT,MENTOR_SPECIFIC,altera_eth_tse_mac,false
altera_eth_tse_mac_1950/sim/aldec/altera_tse_gray_cnt.v,VERILOG_ENCRYPT,ALDEC_SPECIFIC,altera_eth_tse_mac,false
altera_eth_tse_mac_1950/sim/synopsys/altera_tse_gray_cnt.v,VERILOG_ENCRYPT,SYNOPSYS_SPECIFIC,altera_eth_tse_mac,false
altera_eth_tse_mac_1950/sim/cadence/altera_tse_gray_cnt.v,VERILOG_ENCRYPT,CADENCE_SPECIFIC,altera_eth_tse_mac,false
altera_eth_tse_mac_1950/sim/mentor/altera_tse_sdpm_altsyncram.v,VERILOG_ENCRYPT,MENTOR_SPECIFIC,altera_eth_tse_mac,false
altera_eth_tse_mac_1950/sim/aldec/altera_tse_sdpm_altsyncram.v,VERILOG_ENCRYPT,ALDEC_SPECIFIC,altera_eth_tse_mac,false
altera_eth_tse_mac_1950/sim/synopsys/altera_tse_sdpm_altsyncram.v,VERILOG_ENCRYPT,SYNOPSYS_SPECIFIC,altera_eth_tse_mac,false
altera_eth_tse_mac_1950/sim/cadence/altera_tse_sdpm_altsyncram.v,VERILOG_ENCRYPT,CADENCE_SPECIFIC,altera_eth_tse_mac,false
altera_eth_tse_mac_1950/sim/mentor/altera_tse_altsyncram_dpm_fifo.v,VERILOG_ENCRYPT,MENTOR_SPECIFIC,altera_eth_tse_mac,false
altera_eth_tse_mac_1950/sim/aldec/altera_tse_altsyncram_dpm_fifo.v,VERILOG_ENCRYPT,ALDEC_SPECIFIC,altera_eth_tse_mac,false
altera_eth_tse_mac_1950/sim/synopsys/altera_tse_altsyncram_dpm_fifo.v,VERILOG_ENCRYPT,SYNOPSYS_SPECIFIC,altera_eth_tse_mac,false
altera_eth_tse_mac_1950/sim/cadence/altera_tse_altsyncram_dpm_fifo.v,VERILOG_ENCRYPT,CADENCE_SPECIFIC,altera_eth_tse_mac,false
altera_eth_tse_mac_1950/sim/mentor/altera_tse_bin_cnt.v,VERILOG_ENCRYPT,MENTOR_SPECIFIC,altera_eth_tse_mac,false
altera_eth_tse_mac_1950/sim/aldec/altera_tse_bin_cnt.v,VERILOG_ENCRYPT,ALDEC_SPECIFIC,altera_eth_tse_mac,false
altera_eth_tse_mac_1950/sim/synopsys/altera_tse_bin_cnt.v,VERILOG_ENCRYPT,SYNOPSYS_SPECIFIC,altera_eth_tse_mac,false
altera_eth_tse_mac_1950/sim/cadence/altera_tse_bin_cnt.v,VERILOG_ENCRYPT,CADENCE_SPECIFIC,altera_eth_tse_mac,false
altera_eth_tse_mac_1950/sim/mentor/altera_tse_ph_calculator.sv,SYSTEM_VERILOG_ENCRYPT,MENTOR_SPECIFIC,altera_eth_tse_mac,false
altera_eth_tse_mac_1950/sim/aldec/altera_tse_ph_calculator.sv,SYSTEM_VERILOG_ENCRYPT,ALDEC_SPECIFIC,altera_eth_tse_mac,false
altera_eth_tse_mac_1950/sim/synopsys/altera_tse_ph_calculator.sv,SYSTEM_VERILOG_ENCRYPT,SYNOPSYS_SPECIFIC,altera_eth_tse_mac,false
altera_eth_tse_mac_1950/sim/cadence/altera_tse_ph_calculator.sv,SYSTEM_VERILOG_ENCRYPT,CADENCE_SPECIFIC,altera_eth_tse_mac,false
altera_eth_tse_mac_1950/sim/mentor/altera_tse_sdpm_gen.v,VERILOG_ENCRYPT,MENTOR_SPECIFIC,altera_eth_tse_mac,false
altera_eth_tse_mac_1950/sim/aldec/altera_tse_sdpm_gen.v,VERILOG_ENCRYPT,ALDEC_SPECIFIC,altera_eth_tse_mac,false
altera_eth_tse_mac_1950/sim/synopsys/altera_tse_sdpm_gen.v,VERILOG_ENCRYPT,SYNOPSYS_SPECIFIC,altera_eth_tse_mac,false
altera_eth_tse_mac_1950/sim/cadence/altera_tse_sdpm_gen.v,VERILOG_ENCRYPT,CADENCE_SPECIFIC,altera_eth_tse_mac,false
altera_eth_tse_mac_1950/sim/mentor/altera_tse_ecc_dec_x10.v,VERILOG_ENCRYPT,MENTOR_SPECIFIC,altera_eth_tse_mac,false
altera_eth_tse_mac_1950/sim/aldec/altera_tse_ecc_dec_x10.v,VERILOG_ENCRYPT,ALDEC_SPECIFIC,altera_eth_tse_mac,false
altera_eth_tse_mac_1950/sim/synopsys/altera_tse_ecc_dec_x10.v,VERILOG_ENCRYPT,SYNOPSYS_SPECIFIC,altera_eth_tse_mac,false
altera_eth_tse_mac_1950/sim/cadence/altera_tse_ecc_dec_x10.v,VERILOG_ENCRYPT,CADENCE_SPECIFIC,altera_eth_tse_mac,false
altera_eth_tse_mac_1950/sim/mentor/altera_tse_ecc_enc_x10.v,VERILOG_ENCRYPT,MENTOR_SPECIFIC,altera_eth_tse_mac,false
altera_eth_tse_mac_1950/sim/aldec/altera_tse_ecc_enc_x10.v,VERILOG_ENCRYPT,ALDEC_SPECIFIC,altera_eth_tse_mac,false
altera_eth_tse_mac_1950/sim/synopsys/altera_tse_ecc_enc_x10.v,VERILOG_ENCRYPT,SYNOPSYS_SPECIFIC,altera_eth_tse_mac,false
altera_eth_tse_mac_1950/sim/cadence/altera_tse_ecc_enc_x10.v,VERILOG_ENCRYPT,CADENCE_SPECIFIC,altera_eth_tse_mac,false
altera_eth_tse_mac_1950/sim/mentor/altera_tse_ecc_enc_x10_wrapper.v,VERILOG_ENCRYPT,MENTOR_SPECIFIC,altera_eth_tse_mac,false
altera_eth_tse_mac_1950/sim/aldec/altera_tse_ecc_enc_x10_wrapper.v,VERILOG_ENCRYPT,ALDEC_SPECIFIC,altera_eth_tse_mac,false
altera_eth_tse_mac_1950/sim/synopsys/altera_tse_ecc_enc_x10_wrapper.v,VERILOG_ENCRYPT,SYNOPSYS_SPECIFIC,altera_eth_tse_mac,false
altera_eth_tse_mac_1950/sim/cadence/altera_tse_ecc_enc_x10_wrapper.v,VERILOG_ENCRYPT,CADENCE_SPECIFIC,altera_eth_tse_mac,false
altera_eth_tse_mac_1950/sim/mentor/altera_tse_ecc_dec_x14.v,VERILOG_ENCRYPT,MENTOR_SPECIFIC,altera_eth_tse_mac,false
altera_eth_tse_mac_1950/sim/aldec/altera_tse_ecc_dec_x14.v,VERILOG_ENCRYPT,ALDEC_SPECIFIC,altera_eth_tse_mac,false
altera_eth_tse_mac_1950/sim/synopsys/altera_tse_ecc_dec_x14.v,VERILOG_ENCRYPT,SYNOPSYS_SPECIFIC,altera_eth_tse_mac,false
altera_eth_tse_mac_1950/sim/cadence/altera_tse_ecc_dec_x14.v,VERILOG_ENCRYPT,CADENCE_SPECIFIC,altera_eth_tse_mac,false
altera_eth_tse_mac_1950/sim/mentor/altera_tse_ecc_enc_x14.v,VERILOG_ENCRYPT,MENTOR_SPECIFIC,altera_eth_tse_mac,false
altera_eth_tse_mac_1950/sim/aldec/altera_tse_ecc_enc_x14.v,VERILOG_ENCRYPT,ALDEC_SPECIFIC,altera_eth_tse_mac,false
altera_eth_tse_mac_1950/sim/synopsys/altera_tse_ecc_enc_x14.v,VERILOG_ENCRYPT,SYNOPSYS_SPECIFIC,altera_eth_tse_mac,false
altera_eth_tse_mac_1950/sim/cadence/altera_tse_ecc_enc_x14.v,VERILOG_ENCRYPT,CADENCE_SPECIFIC,altera_eth_tse_mac,false
altera_eth_tse_mac_1950/sim/mentor/altera_tse_ecc_enc_x14_wrapper.v,VERILOG_ENCRYPT,MENTOR_SPECIFIC,altera_eth_tse_mac,false
altera_eth_tse_mac_1950/sim/aldec/altera_tse_ecc_enc_x14_wrapper.v,VERILOG_ENCRYPT,ALDEC_SPECIFIC,altera_eth_tse_mac,false
altera_eth_tse_mac_1950/sim/synopsys/altera_tse_ecc_enc_x14_wrapper.v,VERILOG_ENCRYPT,SYNOPSYS_SPECIFIC,altera_eth_tse_mac,false
altera_eth_tse_mac_1950/sim/cadence/altera_tse_ecc_enc_x14_wrapper.v,VERILOG_ENCRYPT,CADENCE_SPECIFIC,altera_eth_tse_mac,false
altera_eth_tse_mac_1950/sim/mentor/altera_tse_ecc_dec_x2.v,VERILOG_ENCRYPT,MENTOR_SPECIFIC,altera_eth_tse_mac,false
altera_eth_tse_mac_1950/sim/aldec/altera_tse_ecc_dec_x2.v,VERILOG_ENCRYPT,ALDEC_SPECIFIC,altera_eth_tse_mac,false
altera_eth_tse_mac_1950/sim/synopsys/altera_tse_ecc_dec_x2.v,VERILOG_ENCRYPT,SYNOPSYS_SPECIFIC,altera_eth_tse_mac,false
altera_eth_tse_mac_1950/sim/cadence/altera_tse_ecc_dec_x2.v,VERILOG_ENCRYPT,CADENCE_SPECIFIC,altera_eth_tse_mac,false
altera_eth_tse_mac_1950/sim/mentor/altera_tse_ecc_enc_x2.v,VERILOG_ENCRYPT,MENTOR_SPECIFIC,altera_eth_tse_mac,false
altera_eth_tse_mac_1950/sim/aldec/altera_tse_ecc_enc_x2.v,VERILOG_ENCRYPT,ALDEC_SPECIFIC,altera_eth_tse_mac,false
altera_eth_tse_mac_1950/sim/synopsys/altera_tse_ecc_enc_x2.v,VERILOG_ENCRYPT,SYNOPSYS_SPECIFIC,altera_eth_tse_mac,false
altera_eth_tse_mac_1950/sim/cadence/altera_tse_ecc_enc_x2.v,VERILOG_ENCRYPT,CADENCE_SPECIFIC,altera_eth_tse_mac,false
altera_eth_tse_mac_1950/sim/mentor/altera_tse_ecc_enc_x2_wrapper.v,VERILOG_ENCRYPT,MENTOR_SPECIFIC,altera_eth_tse_mac,false
altera_eth_tse_mac_1950/sim/aldec/altera_tse_ecc_enc_x2_wrapper.v,VERILOG_ENCRYPT,ALDEC_SPECIFIC,altera_eth_tse_mac,false
altera_eth_tse_mac_1950/sim/synopsys/altera_tse_ecc_enc_x2_wrapper.v,VERILOG_ENCRYPT,SYNOPSYS_SPECIFIC,altera_eth_tse_mac,false
altera_eth_tse_mac_1950/sim/cadence/altera_tse_ecc_enc_x2_wrapper.v,VERILOG_ENCRYPT,CADENCE_SPECIFIC,altera_eth_tse_mac,false
altera_eth_tse_mac_1950/sim/mentor/altera_tse_ecc_dec_x23.v,VERILOG_ENCRYPT,MENTOR_SPECIFIC,altera_eth_tse_mac,false
altera_eth_tse_mac_1950/sim/aldec/altera_tse_ecc_dec_x23.v,VERILOG_ENCRYPT,ALDEC_SPECIFIC,altera_eth_tse_mac,false
altera_eth_tse_mac_1950/sim/synopsys/altera_tse_ecc_dec_x23.v,VERILOG_ENCRYPT,SYNOPSYS_SPECIFIC,altera_eth_tse_mac,false
altera_eth_tse_mac_1950/sim/cadence/altera_tse_ecc_dec_x23.v,VERILOG_ENCRYPT,CADENCE_SPECIFIC,altera_eth_tse_mac,false
altera_eth_tse_mac_1950/sim/mentor/altera_tse_ecc_enc_x23.v,VERILOG_ENCRYPT,MENTOR_SPECIFIC,altera_eth_tse_mac,false
altera_eth_tse_mac_1950/sim/aldec/altera_tse_ecc_enc_x23.v,VERILOG_ENCRYPT,ALDEC_SPECIFIC,altera_eth_tse_mac,false
altera_eth_tse_mac_1950/sim/synopsys/altera_tse_ecc_enc_x23.v,VERILOG_ENCRYPT,SYNOPSYS_SPECIFIC,altera_eth_tse_mac,false
altera_eth_tse_mac_1950/sim/cadence/altera_tse_ecc_enc_x23.v,VERILOG_ENCRYPT,CADENCE_SPECIFIC,altera_eth_tse_mac,false
altera_eth_tse_mac_1950/sim/mentor/altera_tse_ecc_enc_x23_wrapper.v,VERILOG_ENCRYPT,MENTOR_SPECIFIC,altera_eth_tse_mac,false
altera_eth_tse_mac_1950/sim/aldec/altera_tse_ecc_enc_x23_wrapper.v,VERILOG_ENCRYPT,ALDEC_SPECIFIC,altera_eth_tse_mac,false
altera_eth_tse_mac_1950/sim/synopsys/altera_tse_ecc_enc_x23_wrapper.v,VERILOG_ENCRYPT,SYNOPSYS_SPECIFIC,altera_eth_tse_mac,false
altera_eth_tse_mac_1950/sim/cadence/altera_tse_ecc_enc_x23_wrapper.v,VERILOG_ENCRYPT,CADENCE_SPECIFIC,altera_eth_tse_mac,false
altera_eth_tse_mac_1950/sim/mentor/altera_tse_ecc_dec_x36.v,VERILOG_ENCRYPT,MENTOR_SPECIFIC,altera_eth_tse_mac,false
altera_eth_tse_mac_1950/sim/aldec/altera_tse_ecc_dec_x36.v,VERILOG_ENCRYPT,ALDEC_SPECIFIC,altera_eth_tse_mac,false
altera_eth_tse_mac_1950/sim/synopsys/altera_tse_ecc_dec_x36.v,VERILOG_ENCRYPT,SYNOPSYS_SPECIFIC,altera_eth_tse_mac,false
altera_eth_tse_mac_1950/sim/cadence/altera_tse_ecc_dec_x36.v,VERILOG_ENCRYPT,CADENCE_SPECIFIC,altera_eth_tse_mac,false
altera_eth_tse_mac_1950/sim/mentor/altera_tse_ecc_enc_x36.v,VERILOG_ENCRYPT,MENTOR_SPECIFIC,altera_eth_tse_mac,false
altera_eth_tse_mac_1950/sim/aldec/altera_tse_ecc_enc_x36.v,VERILOG_ENCRYPT,ALDEC_SPECIFIC,altera_eth_tse_mac,false
altera_eth_tse_mac_1950/sim/synopsys/altera_tse_ecc_enc_x36.v,VERILOG_ENCRYPT,SYNOPSYS_SPECIFIC,altera_eth_tse_mac,false
altera_eth_tse_mac_1950/sim/cadence/altera_tse_ecc_enc_x36.v,VERILOG_ENCRYPT,CADENCE_SPECIFIC,altera_eth_tse_mac,false
altera_eth_tse_mac_1950/sim/mentor/altera_tse_ecc_enc_x36_wrapper.v,VERILOG_ENCRYPT,MENTOR_SPECIFIC,altera_eth_tse_mac,false
altera_eth_tse_mac_1950/sim/aldec/altera_tse_ecc_enc_x36_wrapper.v,VERILOG_ENCRYPT,ALDEC_SPECIFIC,altera_eth_tse_mac,false
altera_eth_tse_mac_1950/sim/synopsys/altera_tse_ecc_enc_x36_wrapper.v,VERILOG_ENCRYPT,SYNOPSYS_SPECIFIC,altera_eth_tse_mac,false
altera_eth_tse_mac_1950/sim/cadence/altera_tse_ecc_enc_x36_wrapper.v,VERILOG_ENCRYPT,CADENCE_SPECIFIC,altera_eth_tse_mac,false
altera_eth_tse_mac_1950/sim/mentor/altera_tse_ecc_dec_x40.v,VERILOG_ENCRYPT,MENTOR_SPECIFIC,altera_eth_tse_mac,false
altera_eth_tse_mac_1950/sim/aldec/altera_tse_ecc_dec_x40.v,VERILOG_ENCRYPT,ALDEC_SPECIFIC,altera_eth_tse_mac,false
altera_eth_tse_mac_1950/sim/synopsys/altera_tse_ecc_dec_x40.v,VERILOG_ENCRYPT,SYNOPSYS_SPECIFIC,altera_eth_tse_mac,false
altera_eth_tse_mac_1950/sim/cadence/altera_tse_ecc_dec_x40.v,VERILOG_ENCRYPT,CADENCE_SPECIFIC,altera_eth_tse_mac,false
altera_eth_tse_mac_1950/sim/mentor/altera_tse_ecc_enc_x40.v,VERILOG_ENCRYPT,MENTOR_SPECIFIC,altera_eth_tse_mac,false
altera_eth_tse_mac_1950/sim/aldec/altera_tse_ecc_enc_x40.v,VERILOG_ENCRYPT,ALDEC_SPECIFIC,altera_eth_tse_mac,false
altera_eth_tse_mac_1950/sim/synopsys/altera_tse_ecc_enc_x40.v,VERILOG_ENCRYPT,SYNOPSYS_SPECIFIC,altera_eth_tse_mac,false
altera_eth_tse_mac_1950/sim/cadence/altera_tse_ecc_enc_x40.v,VERILOG_ENCRYPT,CADENCE_SPECIFIC,altera_eth_tse_mac,false
altera_eth_tse_mac_1950/sim/mentor/altera_tse_ecc_enc_x40_wrapper.v,VERILOG_ENCRYPT,MENTOR_SPECIFIC,altera_eth_tse_mac,false
altera_eth_tse_mac_1950/sim/aldec/altera_tse_ecc_enc_x40_wrapper.v,VERILOG_ENCRYPT,ALDEC_SPECIFIC,altera_eth_tse_mac,false
altera_eth_tse_mac_1950/sim/synopsys/altera_tse_ecc_enc_x40_wrapper.v,VERILOG_ENCRYPT,SYNOPSYS_SPECIFIC,altera_eth_tse_mac,false
altera_eth_tse_mac_1950/sim/cadence/altera_tse_ecc_enc_x40_wrapper.v,VERILOG_ENCRYPT,CADENCE_SPECIFIC,altera_eth_tse_mac,false
altera_eth_tse_mac_1950/sim/mentor/altera_tse_ecc_dec_x30.v,VERILOG_ENCRYPT,MENTOR_SPECIFIC,altera_eth_tse_mac,false
altera_eth_tse_mac_1950/sim/aldec/altera_tse_ecc_dec_x30.v,VERILOG_ENCRYPT,ALDEC_SPECIFIC,altera_eth_tse_mac,false
altera_eth_tse_mac_1950/sim/synopsys/altera_tse_ecc_dec_x30.v,VERILOG_ENCRYPT,SYNOPSYS_SPECIFIC,altera_eth_tse_mac,false
altera_eth_tse_mac_1950/sim/cadence/altera_tse_ecc_dec_x30.v,VERILOG_ENCRYPT,CADENCE_SPECIFIC,altera_eth_tse_mac,false
altera_eth_tse_mac_1950/sim/mentor/altera_tse_ecc_enc_x30.v,VERILOG_ENCRYPT,MENTOR_SPECIFIC,altera_eth_tse_mac,false
altera_eth_tse_mac_1950/sim/aldec/altera_tse_ecc_enc_x30.v,VERILOG_ENCRYPT,ALDEC_SPECIFIC,altera_eth_tse_mac,false
altera_eth_tse_mac_1950/sim/synopsys/altera_tse_ecc_enc_x30.v,VERILOG_ENCRYPT,SYNOPSYS_SPECIFIC,altera_eth_tse_mac,false
altera_eth_tse_mac_1950/sim/cadence/altera_tse_ecc_enc_x30.v,VERILOG_ENCRYPT,CADENCE_SPECIFIC,altera_eth_tse_mac,false
altera_eth_tse_mac_1950/sim/mentor/altera_tse_ecc_enc_x30_wrapper.v,VERILOG_ENCRYPT,MENTOR_SPECIFIC,altera_eth_tse_mac,false
altera_eth_tse_mac_1950/sim/aldec/altera_tse_ecc_enc_x30_wrapper.v,VERILOG_ENCRYPT,ALDEC_SPECIFIC,altera_eth_tse_mac,false
altera_eth_tse_mac_1950/sim/synopsys/altera_tse_ecc_enc_x30_wrapper.v,VERILOG_ENCRYPT,SYNOPSYS_SPECIFIC,altera_eth_tse_mac,false
altera_eth_tse_mac_1950/sim/cadence/altera_tse_ecc_enc_x30_wrapper.v,VERILOG_ENCRYPT,CADENCE_SPECIFIC,altera_eth_tse_mac,false
altera_eth_tse_mac_1950/sim/mentor/altera_tse_ecc_status_crosser.v,VERILOG_ENCRYPT,MENTOR_SPECIFIC,altera_eth_tse_mac,false
altera_eth_tse_mac_1950/sim/aldec/altera_tse_ecc_status_crosser.v,VERILOG_ENCRYPT,ALDEC_SPECIFIC,altera_eth_tse_mac,false
altera_eth_tse_mac_1950/sim/synopsys/altera_tse_ecc_status_crosser.v,VERILOG_ENCRYPT,SYNOPSYS_SPECIFIC,altera_eth_tse_mac,false
altera_eth_tse_mac_1950/sim/cadence/altera_tse_ecc_status_crosser.v,VERILOG_ENCRYPT,CADENCE_SPECIFIC,altera_eth_tse_mac,false
altera_eth_tse_mac_1950/sim/altera_std_synchronizer_nocut.v,VERILOG,,altera_eth_tse_mac,false
#
# Map from instance-path to kind of module
instances:
instancePath,module
design1_eth_tse_0.eth_tse_0,design1_eth_tse_0_altera_eth_tse_1950_5fwvngq
design1_eth_tse_0.eth_tse_0.i_tse_mac,altera_eth_tse_mac
