<?xml version="1.0" encoding="UTF-8"?>
<preferences>
 <debug showDebugMenu="0" />
 <window width="2418" height="1318" x="-2409" y="-9" />
 <systemtable filter="All Interfaces">
  <columns>
   <connections preferredWidth="415" />
   <irq preferredWidth="79" />
  </columns>
 </systemtable>
 <library expandedCategories="Library,Project,Existing IP Variants" />
 <generation
   path=""
   ipxact="0"
   testbench="design2/rtl_gen/"
   block_symbol_file="0"
   documentation="0"
   use_parallel_ip_generation="0"
   simulation="VERILOG"
   clear_previous="0"
   modelsim="1" />
</preferences>
