# system info design1_performance_counter_0 on 2022.08.21.20:35:23
system_info:
name,value
DEVICE,AGFA012R24A2E2V
DEVICE_FAMILY,Agilex
GENERATION_ID,0
#
#
# Files generated for design1_performance_counter_0 on 2022.08.21.20:35:23
files:
filepath,kind,attributes,module,is_top
sim/design1_performance_counter_0.v,VERILOG,CONTAINS_INLINE_CONFIGURATION,design1_performance_counter_0,true
altera_avalon_performance_counter_1911/sim/design1_performance_counter_0_altera_avalon_performance_counter_1911_6hnnepy.v,VERILOG,,design1_performance_counter_0_altera_avalon_performance_counter_1911_6hnnepy,false
#
# Map from instance-path to kind of module
instances:
instancePath,module
design1_performance_counter_0.performance_counter_0,design1_performance_counter_0_altera_avalon_performance_counter_1911_6hnnepy
