<?xml version="1.0" encoding="UTF-8"?>
<deploy
 date="2022.08.05.00:13:50"
 outputDirectory="C:/Users/dipal.halder/Desktop/sahara/NoC_paper/Designs/ip/design1/design1_performance_counter_0/">
 <perimeter>
  <parameter
     name="AUTO_GENERATION_ID"
     type="Integer"
     defaultValue="0"
     onHdl="0"
     affectsHdl="1" />
  <parameter
     name="AUTO_UNIQUE_ID"
     type="String"
     defaultValue=""
     onHdl="0"
     affectsHdl="1" />
  <parameter
     name="AUTO_DEVICE_FAMILY"
     type="String"
     defaultValue="Agilex"
     onHdl="0"
     affectsHdl="1" />
  <parameter
     name="AUTO_DEVICE"
     type="String"
     defaultValue="AGFA012R24A2E2V"
     onHdl="0"
     affectsHdl="1" />
  <parameter
     name="AUTO_DEVICE_SPEEDGRADE"
     type="String"
     defaultValue="2"
     onHdl="0"
     affectsHdl="1" />
  <parameter
     name="AUTO_CLK_CLOCK_RATE"
     type="Long"
     defaultValue="-1"
     onHdl="0"
     affectsHdl="1" />
  <parameter
     name="AUTO_CLK_CLOCK_DOMAIN"
     type="Integer"
     defaultValue="-1"
     onHdl="0"
     affectsHdl="1" />
  <parameter
     name="AUTO_CLK_RESET_DOMAIN"
     type="Integer"
     defaultValue="-1"
     onHdl="0"
     affectsHdl="1" />
  <interface name="clk" kind="clock" start="0">
   <property name="clockRate" value="0" />
   <property name="externallyDriven" value="false" />
   <property name="ptfSchematicName" value="" />
   <port name="clk" direction="input" role="clk" width="1" />
  </interface>
  <interface name="reset" kind="reset" start="0">
   <property name="associatedClock" value="clk" />
   <property name="synchronousEdges" value="DEASSERT" />
   <port name="reset_n" direction="input" role="reset_n" width="1" />
  </interface>
  <interface name="control_slave" kind="avalon" start="0">
   <property name="addressAlignment" value="NATIVE" />
   <property name="addressGroup" value="0" />
   <property name="addressSpan" value="16" />
   <property name="addressUnits" value="WORDS" />
   <property name="alwaysBurstMaxBurst" value="false" />
   <property name="associatedClock" value="clk" />
   <property name="associatedReset" value="reset" />
   <property name="bitsPerSymbol" value="8" />
   <property name="bridgedAddressOffset" value="0" />
   <property name="bridgesToMaster" value="" />
   <property name="burstOnBurstBoundariesOnly" value="false" />
   <property name="burstcountUnits" value="WORDS" />
   <property name="constantBurstBehavior" value="false" />
   <property name="explicitAddressSpan" value="0" />
   <property name="holdTime" value="0" />
   <property name="interleaveBursts" value="false" />
   <property name="isBigEndian" value="false" />
   <property name="isFlash" value="false" />
   <property name="isMemoryDevice" value="false" />
   <property name="isNonVolatileStorage" value="false" />
   <property name="linewrapBursts" value="false" />
   <property name="maximumPendingReadTransactions" value="0" />
   <property name="maximumPendingWriteTransactions" value="0" />
   <property name="minimumReadLatency" value="1" />
   <property name="minimumResponseLatency" value="1" />
   <property name="minimumUninterruptedRunLength" value="1" />
   <property name="prSafe" value="false" />
   <property name="printableDevice" value="false" />
   <property name="readLatency" value="1" />
   <property name="readWaitStates" value="0" />
   <property name="readWaitTime" value="0" />
   <property name="registerIncomingSignals" value="false" />
   <property name="registerOutgoingSignals" value="false" />
   <property name="setupTime" value="0" />
   <property name="timingUnits" value="Cycles" />
   <property name="transparentBridge" value="false" />
   <property name="waitrequestAllowance" value="0" />
   <property name="wellBehavedWaitrequest" value="false" />
   <property name="writeLatency" value="0" />
   <property name="writeWaitStates" value="0" />
   <property name="writeWaitTime" value="0" />
   <port name="address" direction="input" role="address" width="4" />
   <port name="begintransfer" direction="input" role="begintransfer" width="1" />
   <port name="readdata" direction="output" role="readdata" width="32" />
   <port name="write" direction="input" role="write" width="1" />
   <port name="writedata" direction="input" role="writedata" width="32" />
  </interface>
 </perimeter>
 <entity
   kind="design1_performance_counter_0"
   version="1.0"
   name="design1_performance_counter_0">
  <parameter name="AUTO_CLK_CLOCK_RATE" value="-1" />
  <parameter name="AUTO_GENERATION_ID" value="0" />
  <parameter name="AUTO_DEVICE" value="AGFA012R24A2E2V" />
  <parameter name="AUTO_DEVICE_FAMILY" value="Agilex" />
  <parameter name="AUTO_CLK_RESET_DOMAIN" value="-1" />
  <parameter name="AUTO_CLK_CLOCK_DOMAIN" value="-1" />
  <parameter name="AUTO_UNIQUE_ID" value="" />
  <parameter name="AUTO_DEVICE_SPEEDGRADE" value="2" />
  <generatedFiles>
   <file
       path="C:\Users\dipal.halder\Desktop\sahara\NoC_paper\Designs\ip\design1\design1_performance_counter_0\synth\design1_performance_counter_0.v"
       attributes="CONTAINS_INLINE_CONFIGURATION" />
  </generatedFiles>
  <childGeneratedFiles>
   <file
       path="C:\Users\dipal.halder\Desktop\sahara\NoC_paper\Designs\ip\design1\design1_performance_counter_0\synth\design1_performance_counter_0.v"
       attributes="CONTAINS_INLINE_CONFIGURATION" />
  </childGeneratedFiles>
  <sourceFiles>
   <file
       path="C:/Users/dipal.halder/Desktop/sahara/NoC_paper/Designs/ip/design1/design1_performance_counter_0.ip" />
  </sourceFiles>
  <childSourceFiles>
   <file
       path="C:/intelfpga_pro/21.3/ip/altera/sopc_builder_ip/altera_avalon_performance_counter/altera_avalon_performance_counter_hw.tcl" />
  </childSourceFiles>
  <messages>
   <message level="Info" culprit="design1_performance_counter_0">"Generating: design1_performance_counter_0"</message>
   <message level="Info" culprit="design1_performance_counter_0">"Generating: design1_performance_counter_0_altera_avalon_performance_counter_1911_6hnnepy"</message>
   <message level="Info" culprit="performance_counter_0">Starting RTL generation for module 'design1_performance_counter_0_altera_avalon_performance_counter_1911_6hnnepy'</message>
   <message level="Info" culprit="performance_counter_0">  Generation command is [exec C:/intelfpga_pro/21.3/quartus/bin64/perl/bin/perl.exe -I C:/intelfpga_pro/21.3/quartus/bin64/perl/lib -I C:/intelfpga_pro/21.3/quartus/sopc_builder/bin/europa -I C:/intelfpga_pro/21.3/quartus/sopc_builder/bin/perl_lib -I C:/intelfpga_pro/21.3/quartus/sopc_builder/bin -I C:/intelfpga_pro/21.3/quartus/../ip/altera/sopc_builder_ip/common -I C:/intelfpga_pro/21.3/quartus/../ip/altera/sopc_builder_ip/altera_avalon_performance_counter -- C:/intelfpga_pro/21.3/quartus/../ip/altera/sopc_builder_ip/altera_avalon_performance_counter/generate_rtl.pl --name=design1_performance_counter_0_altera_avalon_performance_counter_1911_6hnnepy --dir=C:/Users/DIPAL~1.HAL/AppData/Local/Temp/alt9209_8201791312088964886.dir/0001_performance_counter_0_gen/ --quartus_dir=C:/intelfpga_pro/21.3/quartus --verilog --config=C:/Users/DIPAL~1.HAL/AppData/Local/Temp/alt9209_8201791312088964886.dir/0001_performance_counter_0_gen//design1_performance_counter_0_altera_avalon_performance_counter_1911_6hnnepy_component_configuration.pl  --do_build_sim=0  ]</message>
   <message level="Info" culprit="performance_counter_0">Done RTL generation for module 'design1_performance_counter_0_altera_avalon_performance_counter_1911_6hnnepy'</message>
  </messages>
 </entity>
 <entity
   kind="altera_avalon_performance_counter"
   version="19.1.1"
   name="design1_performance_counter_0_altera_avalon_performance_counter_1911_6hnnepy">
  <parameter name="control_slave_address_width" value="4" />
  <parameter name="numberOfSections" value="3" />
  <generatedFiles>
   <file
       path="C:\Users\dipal.halder\Desktop\sahara\NoC_paper\Designs\ip\design1\design1_performance_counter_0\altera_avalon_performance_counter_1911\synth\design1_performance_counter_0_altera_avalon_performance_counter_1911_6hnnepy.v"
       attributes="" />
  </generatedFiles>
  <childGeneratedFiles>
   <file
       path="C:\Users\dipal.halder\Desktop\sahara\NoC_paper\Designs\ip\design1\design1_performance_counter_0\altera_avalon_performance_counter_1911\synth\design1_performance_counter_0_altera_avalon_performance_counter_1911_6hnnepy.v"
       attributes="" />
  </childGeneratedFiles>
  <sourceFiles>
   <file
       path="C:/intelfpga_pro/21.3/ip/altera/sopc_builder_ip/altera_avalon_performance_counter/altera_avalon_performance_counter_hw.tcl" />
  </sourceFiles>
  <childSourceFiles/>
  <instantiator
     instantiator="design1_performance_counter_0"
     as="performance_counter_0" />
  <messages>
   <message level="Info" culprit="design1_performance_counter_0">"Generating: design1_performance_counter_0_altera_avalon_performance_counter_1911_6hnnepy"</message>
   <message level="Info" culprit="performance_counter_0">Starting RTL generation for module 'design1_performance_counter_0_altera_avalon_performance_counter_1911_6hnnepy'</message>
   <message level="Info" culprit="performance_counter_0">  Generation command is [exec C:/intelfpga_pro/21.3/quartus/bin64/perl/bin/perl.exe -I C:/intelfpga_pro/21.3/quartus/bin64/perl/lib -I C:/intelfpga_pro/21.3/quartus/sopc_builder/bin/europa -I C:/intelfpga_pro/21.3/quartus/sopc_builder/bin/perl_lib -I C:/intelfpga_pro/21.3/quartus/sopc_builder/bin -I C:/intelfpga_pro/21.3/quartus/../ip/altera/sopc_builder_ip/common -I C:/intelfpga_pro/21.3/quartus/../ip/altera/sopc_builder_ip/altera_avalon_performance_counter -- C:/intelfpga_pro/21.3/quartus/../ip/altera/sopc_builder_ip/altera_avalon_performance_counter/generate_rtl.pl --name=design1_performance_counter_0_altera_avalon_performance_counter_1911_6hnnepy --dir=C:/Users/DIPAL~1.HAL/AppData/Local/Temp/alt9209_8201791312088964886.dir/0001_performance_counter_0_gen/ --quartus_dir=C:/intelfpga_pro/21.3/quartus --verilog --config=C:/Users/DIPAL~1.HAL/AppData/Local/Temp/alt9209_8201791312088964886.dir/0001_performance_counter_0_gen//design1_performance_counter_0_altera_avalon_performance_counter_1911_6hnnepy_component_configuration.pl  --do_build_sim=0  ]</message>
   <message level="Info" culprit="performance_counter_0">Done RTL generation for module 'design1_performance_counter_0_altera_avalon_performance_counter_1911_6hnnepy'</message>
  </messages>
 </entity>
</deploy>
