# system info design1_inst_reset_bfm_ip on 2022.07.19.20:58:25
system_info:
name,value
DEVICE,AGFA012R24A2E2V
DEVICE_FAMILY,Agilex
GENERATION_ID,0
#
#
# Files generated for design1_inst_reset_bfm_ip on 2022.07.19.20:58:25
files:
filepath,kind,attributes,module,is_top
sim/design1_inst_reset_bfm_ip.v,VERILOG,CONTAINS_INLINE_CONFIGURATION,design1_inst_reset_bfm_ip,true
altera_avalon_reset_source_191/sim/verbosity_pkg.sv,SYSTEM_VERILOG, COMMON_SYSTEMVERILOG_PACKAGE=avalon_vip_verbosity_pkg,altera_avalon_reset_source,false
altera_avalon_reset_source_191/sim/altera_avalon_reset_source.sv,SYSTEM_VERILOG,,altera_avalon_reset_source,false
#
# Map from instance-path to kind of module
instances:
instancePath,module
design1_inst_reset_bfm_ip.design1_inst_reset_bfm,altera_avalon_reset_source
