# system info design1 on 2022.08.22.16:18:33
system_info:
name,value
DEVICE,AGFA012R24A2E2V
DEVICE_FAMILY,Agilex
GENERATION_ID,0
#
#
# Files generated for design1 on 2022.08.22.16:18:33
files:
filepath,kind,attributes,module,is_top
sim/design1.v,VERILOG,CONTAINS_INLINE_CONFIGURATION,design1,true
altera_mm_interconnect_1920/sim/design1_altera_mm_interconnect_1920_jeosmga.v,VERILOG,CONTAINS_INLINE_CONFIGURATION,design1_altera_mm_interconnect_1920_jeosmga,false
altera_irq_mapper_1920/sim/design1_altera_irq_mapper_1920_hybupza.sv,SYSTEM_VERILOG,,design1_altera_irq_mapper_1920_hybupza,false
altera_reset_controller_1921/sim/altera_reset_controller.v,VERILOG,,altera_reset_controller,false
altera_reset_controller_1921/sim/altera_reset_synchronizer.v,VERILOG,,altera_reset_controller,false
altera_reset_controller_1921/sim/altera_reset_controller.sdc,SDC_ENTITY,NO_AUTO_INSTANCE_DISCOVERY NO_SDC_PROMOTION,altera_reset_controller,false
altera_merlin_axi_translator_1920/sim/design1_altera_merlin_axi_translator_1920_hvn5ezy.sv,SYSTEM_VERILOG,,design1_altera_merlin_axi_translator_1920_hvn5ezy,false
altera_merlin_master_translator_191/sim/design1_altera_merlin_master_translator_191_g7h47bq.sv,SYSTEM_VERILOG,,design1_altera_merlin_master_translator_191_g7h47bq,false
altera_merlin_slave_translator_191/sim/design1_altera_merlin_slave_translator_191_x56fcki.sv,SYSTEM_VERILOG,,design1_altera_merlin_slave_translator_191_x56fcki,false
altera_merlin_axi_master_ni_1931/sim/altera_merlin_address_alignment.sv,SYSTEM_VERILOG,,design1_altera_merlin_axi_master_ni_1931_fofi6ka,false
altera_merlin_axi_master_ni_1931/sim/design1_altera_merlin_axi_master_ni_1931_fofi6ka.sv,SYSTEM_VERILOG,,design1_altera_merlin_axi_master_ni_1931_fofi6ka,false
altera_merlin_master_agent_191/sim/design1_altera_merlin_master_agent_191_mpbm6tq.sv,SYSTEM_VERILOG,,design1_altera_merlin_master_agent_191_mpbm6tq,false
altera_merlin_slave_agent_191/sim/design1_altera_merlin_slave_agent_191_ncfkfri.sv,SYSTEM_VERILOG,,design1_altera_merlin_slave_agent_191_ncfkfri,false
altera_merlin_slave_agent_191/sim/altera_merlin_burst_uncompressor.sv,SYSTEM_VERILOG,,design1_altera_merlin_slave_agent_191_ncfkfri,false
altera_merlin_router_1920/sim/design1_altera_merlin_router_1920_xkqzguy.sv,SYSTEM_VERILOG,,design1_altera_merlin_router_1920_xkqzguy,false
altera_merlin_router_1920/sim/design1_altera_merlin_router_1920_tbpqw3i.sv,SYSTEM_VERILOG,,design1_altera_merlin_router_1920_tbpqw3i,false
altera_merlin_router_1920/sim/design1_altera_merlin_router_1920_w3kupry.sv,SYSTEM_VERILOG,,design1_altera_merlin_router_1920_w3kupry,false
altera_merlin_router_1920/sim/design1_altera_merlin_router_1920_ubc2yya.sv,SYSTEM_VERILOG,,design1_altera_merlin_router_1920_ubc2yya,false
altera_merlin_router_1920/sim/design1_altera_merlin_router_1920_keridxa.sv,SYSTEM_VERILOG,,design1_altera_merlin_router_1920_keridxa,false
altera_merlin_router_1920/sim/design1_altera_merlin_router_1920_svolnbq.sv,SYSTEM_VERILOG,,design1_altera_merlin_router_1920_svolnbq,false
altera_merlin_router_1920/sim/design1_altera_merlin_router_1920_pivumii.sv,SYSTEM_VERILOG,,design1_altera_merlin_router_1920_pivumii,false
altera_merlin_router_1920/sim/design1_altera_merlin_router_1920_px54ovy.sv,SYSTEM_VERILOG,,design1_altera_merlin_router_1920_px54ovy,false
altera_merlin_router_1920/sim/design1_altera_merlin_router_1920_7fpc6xa.sv,SYSTEM_VERILOG,,design1_altera_merlin_router_1920_7fpc6xa,false
altera_merlin_router_1920/sim/design1_altera_merlin_router_1920_2dzcrnq.sv,SYSTEM_VERILOG,,design1_altera_merlin_router_1920_2dzcrnq,false
altera_merlin_traffic_limiter_191/sim/altera_merlin_reorder_memory.sv,SYSTEM_VERILOG,,design1_altera_merlin_traffic_limiter_191_6blplji,false
altera_merlin_traffic_limiter_191/sim/altera_avalon_st_pipeline_base.v,SYSTEM_VERILOG,,design1_altera_merlin_traffic_limiter_191_6blplji,false
altera_merlin_traffic_limiter_191/sim/design1_altera_merlin_traffic_limiter_191_6blplji.sv,SYSTEM_VERILOG,,design1_altera_merlin_traffic_limiter_191_6blplji,false
altera_merlin_burst_adapter_1921/sim/design1_altera_merlin_burst_adapter_1921_pnjkl7a.sv,SYSTEM_VERILOG,,design1_altera_merlin_burst_adapter_1921_pnjkl7a,false
altera_merlin_burst_adapter_1921/sim/altera_merlin_burst_adapter_uncmpr.sv,SYSTEM_VERILOG,,design1_altera_merlin_burst_adapter_1921_pnjkl7a,false
altera_merlin_burst_adapter_1921/sim/altera_merlin_burst_adapter_13_1.sv,SYSTEM_VERILOG,,design1_altera_merlin_burst_adapter_1921_pnjkl7a,false
altera_merlin_burst_adapter_1921/sim/altera_merlin_burst_adapter_new.sv,SYSTEM_VERILOG,,design1_altera_merlin_burst_adapter_1921_pnjkl7a,false
altera_merlin_burst_adapter_1921/sim/altera_incr_burst_converter.sv,SYSTEM_VERILOG,,design1_altera_merlin_burst_adapter_1921_pnjkl7a,false
altera_merlin_burst_adapter_1921/sim/altera_wrap_burst_converter.sv,SYSTEM_VERILOG,,design1_altera_merlin_burst_adapter_1921_pnjkl7a,false
altera_merlin_burst_adapter_1921/sim/altera_default_burst_converter.sv,SYSTEM_VERILOG,,design1_altera_merlin_burst_adapter_1921_pnjkl7a,false
altera_merlin_burst_adapter_1921/sim/altera_merlin_address_alignment.sv,SYSTEM_VERILOG,,design1_altera_merlin_burst_adapter_1921_pnjkl7a,false
altera_merlin_burst_adapter_1921/sim/design1_altera_merlin_burst_adapter_1921_bhsotva.sv,SYSTEM_VERILOG,,design1_altera_merlin_burst_adapter_1921_bhsotva,false
altera_merlin_burst_adapter_1921/sim/altera_merlin_burst_adapter_uncmpr.sv,SYSTEM_VERILOG,,design1_altera_merlin_burst_adapter_1921_bhsotva,false
altera_merlin_burst_adapter_1921/sim/altera_merlin_burst_adapter_13_1.sv,SYSTEM_VERILOG,,design1_altera_merlin_burst_adapter_1921_bhsotva,false
altera_merlin_burst_adapter_1921/sim/altera_merlin_burst_adapter_new.sv,SYSTEM_VERILOG,,design1_altera_merlin_burst_adapter_1921_bhsotva,false
altera_merlin_burst_adapter_1921/sim/altera_incr_burst_converter.sv,SYSTEM_VERILOG,,design1_altera_merlin_burst_adapter_1921_bhsotva,false
altera_merlin_burst_adapter_1921/sim/altera_wrap_burst_converter.sv,SYSTEM_VERILOG,,design1_altera_merlin_burst_adapter_1921_bhsotva,false
altera_merlin_burst_adapter_1921/sim/altera_default_burst_converter.sv,SYSTEM_VERILOG,,design1_altera_merlin_burst_adapter_1921_bhsotva,false
altera_merlin_burst_adapter_1921/sim/altera_merlin_address_alignment.sv,SYSTEM_VERILOG,,design1_altera_merlin_burst_adapter_1921_bhsotva,false
altera_merlin_demultiplexer_1921/sim/design1_altera_merlin_demultiplexer_1921_zf2oakq.sv,SYSTEM_VERILOG,,design1_altera_merlin_demultiplexer_1921_zf2oakq,false
altera_merlin_demultiplexer_1921/sim/design1_altera_merlin_demultiplexer_1921_svea5cy.sv,SYSTEM_VERILOG,,design1_altera_merlin_demultiplexer_1921_svea5cy,false
altera_merlin_demultiplexer_1921/sim/design1_altera_merlin_demultiplexer_1921_hsthxhq.sv,SYSTEM_VERILOG,,design1_altera_merlin_demultiplexer_1921_hsthxhq,false
altera_merlin_demultiplexer_1921/sim/design1_altera_merlin_demultiplexer_1921_avmzrjq.sv,SYSTEM_VERILOG,,design1_altera_merlin_demultiplexer_1921_avmzrjq,false
altera_merlin_multiplexer_1921/sim/design1_altera_merlin_multiplexer_1921_smqssla.sv,SYSTEM_VERILOG,,design1_altera_merlin_multiplexer_1921_smqssla,false
altera_merlin_multiplexer_1921/sim/altera_merlin_arbitrator.sv,SYSTEM_VERILOG,,design1_altera_merlin_multiplexer_1921_smqssla,false
altera_merlin_multiplexer_1921/sim/design1_altera_merlin_multiplexer_1921_pu54nny.sv,SYSTEM_VERILOG,,design1_altera_merlin_multiplexer_1921_pu54nny,false
altera_merlin_multiplexer_1921/sim/altera_merlin_arbitrator.sv,SYSTEM_VERILOG,,design1_altera_merlin_multiplexer_1921_pu54nny,false
altera_merlin_multiplexer_1921/sim/design1_altera_merlin_multiplexer_1921_wi42kvq.sv,SYSTEM_VERILOG,,design1_altera_merlin_multiplexer_1921_wi42kvq,false
altera_merlin_multiplexer_1921/sim/altera_merlin_arbitrator.sv,SYSTEM_VERILOG,,design1_altera_merlin_multiplexer_1921_wi42kvq,false
altera_merlin_multiplexer_1921/sim/design1_altera_merlin_multiplexer_1921_afcfmsq.sv,SYSTEM_VERILOG,,design1_altera_merlin_multiplexer_1921_afcfmsq,false
altera_merlin_multiplexer_1921/sim/altera_merlin_arbitrator.sv,SYSTEM_VERILOG,,design1_altera_merlin_multiplexer_1921_afcfmsq,false
altera_merlin_multiplexer_1921/sim/design1_altera_merlin_multiplexer_1921_k3omixq.sv,SYSTEM_VERILOG,,design1_altera_merlin_multiplexer_1921_k3omixq,false
altera_merlin_multiplexer_1921/sim/altera_merlin_arbitrator.sv,SYSTEM_VERILOG,,design1_altera_merlin_multiplexer_1921_k3omixq,false
altera_merlin_demultiplexer_1921/sim/design1_altera_merlin_demultiplexer_1921_tjur37q.sv,SYSTEM_VERILOG,,design1_altera_merlin_demultiplexer_1921_tjur37q,false
altera_merlin_demultiplexer_1921/sim/design1_altera_merlin_demultiplexer_1921_uyy4crq.sv,SYSTEM_VERILOG,,design1_altera_merlin_demultiplexer_1921_uyy4crq,false
altera_merlin_demultiplexer_1921/sim/design1_altera_merlin_demultiplexer_1921_jpw27by.sv,SYSTEM_VERILOG,,design1_altera_merlin_demultiplexer_1921_jpw27by,false
altera_merlin_multiplexer_1921/sim/design1_altera_merlin_multiplexer_1921_67ipntq.sv,SYSTEM_VERILOG,,design1_altera_merlin_multiplexer_1921_67ipntq,false
altera_merlin_multiplexer_1921/sim/altera_merlin_arbitrator.sv,SYSTEM_VERILOG,,design1_altera_merlin_multiplexer_1921_67ipntq,false
altera_merlin_multiplexer_1921/sim/design1_altera_merlin_multiplexer_1921_oephbji.sv,SYSTEM_VERILOG,,design1_altera_merlin_multiplexer_1921_oephbji,false
altera_merlin_multiplexer_1921/sim/altera_merlin_arbitrator.sv,SYSTEM_VERILOG,,design1_altera_merlin_multiplexer_1921_oephbji,false
altera_merlin_multiplexer_1921/sim/design1_altera_merlin_multiplexer_1921_qnsqdvq.sv,SYSTEM_VERILOG,,design1_altera_merlin_multiplexer_1921_qnsqdvq,false
altera_merlin_multiplexer_1921/sim/altera_merlin_arbitrator.sv,SYSTEM_VERILOG,,design1_altera_merlin_multiplexer_1921_qnsqdvq,false
altera_merlin_width_adapter_1920/sim/design1_altera_merlin_width_adapter_1920_2mvkihq.sv,SYSTEM_VERILOG,,design1_altera_merlin_width_adapter_1920_2mvkihq,false
altera_merlin_width_adapter_1920/sim/altera_merlin_address_alignment.sv,SYSTEM_VERILOG,,design1_altera_merlin_width_adapter_1920_2mvkihq,false
altera_merlin_width_adapter_1920/sim/altera_merlin_burst_uncompressor.sv,SYSTEM_VERILOG,,design1_altera_merlin_width_adapter_1920_2mvkihq,false
altera_merlin_width_adapter_1920/sim/design1_altera_merlin_width_adapter_1920_7vemj5q.sv,SYSTEM_VERILOG,,design1_altera_merlin_width_adapter_1920_7vemj5q,false
altera_merlin_width_adapter_1920/sim/altera_merlin_address_alignment.sv,SYSTEM_VERILOG,,design1_altera_merlin_width_adapter_1920_7vemj5q,false
altera_merlin_width_adapter_1920/sim/altera_merlin_burst_uncompressor.sv,SYSTEM_VERILOG,,design1_altera_merlin_width_adapter_1920_7vemj5q,false
altera_merlin_traffic_limiter_191/sim/design1_altera_merlin_traffic_limiter_altera_avalon_sc_fifo_191_jiqvuxy.v,VERILOG,CONTAINS_INLINE_CONFIGURATION,design1_altera_merlin_traffic_limiter_altera_avalon_sc_fifo_191_jiqvuxy,false
altera_avalon_sc_fifo_1930/sim/design1_altera_avalon_sc_fifo_1930_k6mjsxi.v,VERILOG,,design1_altera_avalon_sc_fifo_1930_k6mjsxi,false
altera_merlin_burst_adapter_1921/sim/design1_altera_merlin_burst_adapter_altera_avalon_st_pipeline_stage_1921_ioymyqi.v,VERILOG,CONTAINS_INLINE_CONFIGURATION,design1_altera_merlin_burst_adapter_altera_avalon_st_pipeline_stage_1921_ioymyqi,false
altera_merlin_burst_adapter_1921/sim/design1_altera_merlin_burst_adapter_altera_avalon_st_pipeline_stage_1921_sf5cdnq.v,VERILOG,CONTAINS_INLINE_CONFIGURATION,design1_altera_merlin_burst_adapter_altera_avalon_st_pipeline_stage_1921_sf5cdnq,false
altera_avalon_st_pipeline_stage_1920/sim/design1_altera_avalon_st_pipeline_stage_1920_zterisq.sv,SYSTEM_VERILOG,,design1_altera_avalon_st_pipeline_stage_1920_zterisq,false
altera_avalon_st_pipeline_stage_1920/sim/altera_avalon_st_pipeline_base.v,SYSTEM_VERILOG,,design1_altera_avalon_st_pipeline_stage_1920_zterisq,false
#
# Map from instance-path to kind of module
instances:
instancePath,module
design1.character_lcd,design1_character_lcd_0
design1.clock_in,design1_clock_in
design1.cpu,design1_intel_niosv_m_0
design1.dma,design1_dma_0
design1.ethernet,design1_eth_tse_0
design1.jtag_uart,design1_jtag_uart_0
design1.memory,design1_onchip_memory2_0
design1.native_floating_point_dsp,design1_s20_native_floating_point_dsp_0
design1.performance_counter_0,design1_performance_counter_0
design1.reset_in,design1_reset_in
design1.serial_flash,design1_intel_generic_serial_flash_interface_top_0
design1.spi,design1_spi_0
design1.mm_interconnect_0,design1_altera_mm_interconnect_1920_jeosmga
design1.mm_interconnect_0.cpu_data_manager_translator,design1_altera_merlin_axi_translator_1920_hvn5ezy
design1.mm_interconnect_0.cpu_instruction_manager_translator,design1_altera_merlin_axi_translator_1920_hvn5ezy
design1.mm_interconnect_0.dma_write_master_translator,design1_altera_merlin_master_translator_191_g7h47bq
design1.mm_interconnect_0.dma_read_master_translator,design1_altera_merlin_master_translator_191_g7h47bq
design1.mm_interconnect_0.dma_control_port_slave_translator,design1_altera_merlin_slave_translator_191_x56fcki
design1.mm_interconnect_0.cpu_dm_agent_translator,design1_altera_merlin_slave_translator_191_x56fcki
design1.mm_interconnect_0.memory_s1_translator,design1_altera_merlin_slave_translator_191_x56fcki
design1.mm_interconnect_0.cpu_timer_sw_agent_translator,design1_altera_merlin_slave_translator_191_x56fcki
design1.mm_interconnect_0.ethernet_control_port_translator,design1_altera_merlin_slave_translator_191_x56fcki
design1.mm_interconnect_0.jtag_uart_avalon_jtag_slave_translator,design1_altera_merlin_slave_translator_191_x56fcki
design1.mm_interconnect_0.character_lcd_avalon_lcd_slave_translator,design1_altera_merlin_slave_translator_191_x56fcki
design1.mm_interconnect_0.serial_flash_avl_csr_translator,design1_altera_merlin_slave_translator_191_x56fcki
design1.mm_interconnect_0.serial_flash_avl_mem_translator,design1_altera_merlin_slave_translator_191_x56fcki
design1.mm_interconnect_0.performance_counter_0_control_slave_translator,design1_altera_merlin_slave_translator_191_x56fcki
design1.mm_interconnect_0.spi_spi_control_port_translator,design1_altera_merlin_slave_translator_191_x56fcki
design1.mm_interconnect_0.cpu_data_manager_agent,design1_altera_merlin_axi_master_ni_1931_fofi6ka
design1.mm_interconnect_0.cpu_instruction_manager_agent,design1_altera_merlin_axi_master_ni_1931_fofi6ka
design1.mm_interconnect_0.dma_write_master_agent,design1_altera_merlin_master_agent_191_mpbm6tq
design1.mm_interconnect_0.dma_read_master_agent,design1_altera_merlin_master_agent_191_mpbm6tq
design1.mm_interconnect_0.dma_control_port_slave_agent,design1_altera_merlin_slave_agent_191_ncfkfri
design1.mm_interconnect_0.cpu_dm_agent_agent,design1_altera_merlin_slave_agent_191_ncfkfri
design1.mm_interconnect_0.memory_s1_agent,design1_altera_merlin_slave_agent_191_ncfkfri
design1.mm_interconnect_0.cpu_timer_sw_agent_agent,design1_altera_merlin_slave_agent_191_ncfkfri
design1.mm_interconnect_0.ethernet_control_port_agent,design1_altera_merlin_slave_agent_191_ncfkfri
design1.mm_interconnect_0.jtag_uart_avalon_jtag_slave_agent,design1_altera_merlin_slave_agent_191_ncfkfri
design1.mm_interconnect_0.character_lcd_avalon_lcd_slave_agent,design1_altera_merlin_slave_agent_191_ncfkfri
design1.mm_interconnect_0.serial_flash_avl_csr_agent,design1_altera_merlin_slave_agent_191_ncfkfri
design1.mm_interconnect_0.serial_flash_avl_mem_agent,design1_altera_merlin_slave_agent_191_ncfkfri
design1.mm_interconnect_0.performance_counter_0_control_slave_agent,design1_altera_merlin_slave_agent_191_ncfkfri
design1.mm_interconnect_0.spi_spi_control_port_agent,design1_altera_merlin_slave_agent_191_ncfkfri
design1.mm_interconnect_0.dma_control_port_slave_agent_rsp_fifo,design1_altera_avalon_sc_fifo_1930_k6mjsxi
design1.mm_interconnect_0.dma_control_port_slave_agent_rdata_fifo,design1_altera_avalon_sc_fifo_1930_k6mjsxi
design1.mm_interconnect_0.cpu_dm_agent_agent_rsp_fifo,design1_altera_avalon_sc_fifo_1930_k6mjsxi
design1.mm_interconnect_0.cpu_dm_agent_agent_rdata_fifo,design1_altera_avalon_sc_fifo_1930_k6mjsxi
design1.mm_interconnect_0.memory_s1_agent_rsp_fifo,design1_altera_avalon_sc_fifo_1930_k6mjsxi
design1.mm_interconnect_0.memory_s1_agent_rdata_fifo,design1_altera_avalon_sc_fifo_1930_k6mjsxi
design1.mm_interconnect_0.cpu_timer_sw_agent_agent_rsp_fifo,design1_altera_avalon_sc_fifo_1930_k6mjsxi
design1.mm_interconnect_0.cpu_timer_sw_agent_agent_rdata_fifo,design1_altera_avalon_sc_fifo_1930_k6mjsxi
design1.mm_interconnect_0.ethernet_control_port_agent_rsp_fifo,design1_altera_avalon_sc_fifo_1930_k6mjsxi
design1.mm_interconnect_0.ethernet_control_port_agent_rdata_fifo,design1_altera_avalon_sc_fifo_1930_k6mjsxi
design1.mm_interconnect_0.jtag_uart_avalon_jtag_slave_agent_rsp_fifo,design1_altera_avalon_sc_fifo_1930_k6mjsxi
design1.mm_interconnect_0.jtag_uart_avalon_jtag_slave_agent_rdata_fifo,design1_altera_avalon_sc_fifo_1930_k6mjsxi
design1.mm_interconnect_0.character_lcd_avalon_lcd_slave_agent_rsp_fifo,design1_altera_avalon_sc_fifo_1930_k6mjsxi
design1.mm_interconnect_0.character_lcd_avalon_lcd_slave_agent_rdata_fifo,design1_altera_avalon_sc_fifo_1930_k6mjsxi
design1.mm_interconnect_0.serial_flash_avl_csr_agent_rsp_fifo,design1_altera_avalon_sc_fifo_1930_k6mjsxi
design1.mm_interconnect_0.serial_flash_avl_csr_agent_rdata_fifo,design1_altera_avalon_sc_fifo_1930_k6mjsxi
design1.mm_interconnect_0.serial_flash_avl_mem_agent_rsp_fifo,design1_altera_avalon_sc_fifo_1930_k6mjsxi
design1.mm_interconnect_0.serial_flash_avl_mem_agent_rdata_fifo,design1_altera_avalon_sc_fifo_1930_k6mjsxi
design1.mm_interconnect_0.performance_counter_0_control_slave_agent_rsp_fifo,design1_altera_avalon_sc_fifo_1930_k6mjsxi
design1.mm_interconnect_0.performance_counter_0_control_slave_agent_rdata_fifo,design1_altera_avalon_sc_fifo_1930_k6mjsxi
design1.mm_interconnect_0.spi_spi_control_port_agent_rsp_fifo,design1_altera_avalon_sc_fifo_1930_k6mjsxi
design1.mm_interconnect_0.spi_spi_control_port_agent_rdata_fifo,design1_altera_avalon_sc_fifo_1930_k6mjsxi
design1.mm_interconnect_0.router,design1_altera_merlin_router_1920_xkqzguy
design1.mm_interconnect_0.router_001,design1_altera_merlin_router_1920_xkqzguy
design1.mm_interconnect_0.router_002,design1_altera_merlin_router_1920_tbpqw3i
design1.mm_interconnect_0.router_003,design1_altera_merlin_router_1920_tbpqw3i
design1.mm_interconnect_0.router_004,design1_altera_merlin_router_1920_w3kupry
design1.mm_interconnect_0.router_005,design1_altera_merlin_router_1920_ubc2yya
design1.mm_interconnect_0.router_006,design1_altera_merlin_router_1920_keridxa
design1.mm_interconnect_0.router_007,design1_altera_merlin_router_1920_keridxa
design1.mm_interconnect_0.router_008,design1_altera_merlin_router_1920_svolnbq
design1.mm_interconnect_0.router_009,design1_altera_merlin_router_1920_pivumii
design1.mm_interconnect_0.router_010,design1_altera_merlin_router_1920_px54ovy
design1.mm_interconnect_0.router_011,design1_altera_merlin_router_1920_7fpc6xa
design1.mm_interconnect_0.router_013,design1_altera_merlin_router_1920_7fpc6xa
design1.mm_interconnect_0.router_014,design1_altera_merlin_router_1920_7fpc6xa
design1.mm_interconnect_0.router_015,design1_altera_merlin_router_1920_7fpc6xa
design1.mm_interconnect_0.router_016,design1_altera_merlin_router_1920_7fpc6xa
design1.mm_interconnect_0.router_012,design1_altera_merlin_router_1920_2dzcrnq
design1.mm_interconnect_0.cpu_instruction_manager_wr_limiter,design1_altera_merlin_traffic_limiter_191_6blplji
design1.mm_interconnect_0.cpu_instruction_manager_wr_limiter.my_altera_avalon_sc_fifo_dest_id_fifo,design1_altera_merlin_traffic_limiter_altera_avalon_sc_fifo_191_jiqvuxy
design1.mm_interconnect_0.cpu_instruction_manager_wr_limiter.my_altera_avalon_sc_fifo_dest_id_fifo.my_altera_avalon_sc_fifo_dest_id_fifo,design1_altera_avalon_sc_fifo_1930_k6mjsxi
design1.mm_interconnect_0.cpu_instruction_manager_rd_limiter,design1_altera_merlin_traffic_limiter_191_6blplji
design1.mm_interconnect_0.cpu_instruction_manager_rd_limiter.my_altera_avalon_sc_fifo_dest_id_fifo,design1_altera_merlin_traffic_limiter_altera_avalon_sc_fifo_191_jiqvuxy
design1.mm_interconnect_0.cpu_instruction_manager_rd_limiter.my_altera_avalon_sc_fifo_dest_id_fifo.my_altera_avalon_sc_fifo_dest_id_fifo,design1_altera_avalon_sc_fifo_1930_k6mjsxi
design1.mm_interconnect_0.dma_read_master_limiter,design1_altera_merlin_traffic_limiter_191_6blplji
design1.mm_interconnect_0.dma_read_master_limiter.my_altera_avalon_sc_fifo_dest_id_fifo,design1_altera_merlin_traffic_limiter_altera_avalon_sc_fifo_191_jiqvuxy
design1.mm_interconnect_0.dma_read_master_limiter.my_altera_avalon_sc_fifo_dest_id_fifo.my_altera_avalon_sc_fifo_dest_id_fifo,design1_altera_avalon_sc_fifo_1930_k6mjsxi
design1.mm_interconnect_0.dma_control_port_slave_burst_adapter,design1_altera_merlin_burst_adapter_1921_pnjkl7a
design1.mm_interconnect_0.dma_control_port_slave_burst_adapter.my_altera_avalon_st_pipeline_stage,design1_altera_merlin_burst_adapter_altera_avalon_st_pipeline_stage_1921_ioymyqi
design1.mm_interconnect_0.dma_control_port_slave_burst_adapter.my_altera_avalon_st_pipeline_stage.my_altera_avalon_st_pipeline_stage,design1_altera_avalon_st_pipeline_stage_1920_zterisq
design1.mm_interconnect_0.cpu_dm_agent_burst_adapter,design1_altera_merlin_burst_adapter_1921_pnjkl7a
design1.mm_interconnect_0.cpu_dm_agent_burst_adapter.my_altera_avalon_st_pipeline_stage,design1_altera_merlin_burst_adapter_altera_avalon_st_pipeline_stage_1921_ioymyqi
design1.mm_interconnect_0.cpu_dm_agent_burst_adapter.my_altera_avalon_st_pipeline_stage.my_altera_avalon_st_pipeline_stage,design1_altera_avalon_st_pipeline_stage_1920_zterisq
design1.mm_interconnect_0.memory_s1_burst_adapter,design1_altera_merlin_burst_adapter_1921_pnjkl7a
design1.mm_interconnect_0.memory_s1_burst_adapter.my_altera_avalon_st_pipeline_stage,design1_altera_merlin_burst_adapter_altera_avalon_st_pipeline_stage_1921_ioymyqi
design1.mm_interconnect_0.memory_s1_burst_adapter.my_altera_avalon_st_pipeline_stage.my_altera_avalon_st_pipeline_stage,design1_altera_avalon_st_pipeline_stage_1920_zterisq
design1.mm_interconnect_0.cpu_timer_sw_agent_burst_adapter,design1_altera_merlin_burst_adapter_1921_pnjkl7a
design1.mm_interconnect_0.cpu_timer_sw_agent_burst_adapter.my_altera_avalon_st_pipeline_stage,design1_altera_merlin_burst_adapter_altera_avalon_st_pipeline_stage_1921_ioymyqi
design1.mm_interconnect_0.cpu_timer_sw_agent_burst_adapter.my_altera_avalon_st_pipeline_stage.my_altera_avalon_st_pipeline_stage,design1_altera_avalon_st_pipeline_stage_1920_zterisq
design1.mm_interconnect_0.character_lcd_avalon_lcd_slave_burst_adapter,design1_altera_merlin_burst_adapter_1921_bhsotva
design1.mm_interconnect_0.character_lcd_avalon_lcd_slave_burst_adapter.my_altera_avalon_st_pipeline_stage,design1_altera_merlin_burst_adapter_altera_avalon_st_pipeline_stage_1921_sf5cdnq
design1.mm_interconnect_0.character_lcd_avalon_lcd_slave_burst_adapter.my_altera_avalon_st_pipeline_stage.my_altera_avalon_st_pipeline_stage,design1_altera_avalon_st_pipeline_stage_1920_zterisq
design1.mm_interconnect_0.cmd_demux,design1_altera_merlin_demultiplexer_1921_zf2oakq
design1.mm_interconnect_0.cmd_demux_001,design1_altera_merlin_demultiplexer_1921_zf2oakq
design1.mm_interconnect_0.rsp_demux,design1_altera_merlin_demultiplexer_1921_zf2oakq
design1.mm_interconnect_0.rsp_demux_001,design1_altera_merlin_demultiplexer_1921_zf2oakq
design1.mm_interconnect_0.cmd_demux_002,design1_altera_merlin_demultiplexer_1921_svea5cy
design1.mm_interconnect_0.cmd_demux_003,design1_altera_merlin_demultiplexer_1921_svea5cy
design1.mm_interconnect_0.cmd_demux_004,design1_altera_merlin_demultiplexer_1921_hsthxhq
design1.mm_interconnect_0.rsp_demux_003,design1_altera_merlin_demultiplexer_1921_hsthxhq
design1.mm_interconnect_0.cmd_demux_005,design1_altera_merlin_demultiplexer_1921_avmzrjq
design1.mm_interconnect_0.cmd_mux,design1_altera_merlin_multiplexer_1921_smqssla
design1.mm_interconnect_0.cmd_mux_001,design1_altera_merlin_multiplexer_1921_smqssla
design1.mm_interconnect_0.cmd_mux_002,design1_altera_merlin_multiplexer_1921_pu54nny
design1.mm_interconnect_0.cmd_mux_003,design1_altera_merlin_multiplexer_1921_wi42kvq
design1.mm_interconnect_0.cmd_mux_004,design1_altera_merlin_multiplexer_1921_afcfmsq
design1.mm_interconnect_0.cmd_mux_005,design1_altera_merlin_multiplexer_1921_k3omixq
design1.mm_interconnect_0.cmd_mux_006,design1_altera_merlin_multiplexer_1921_k3omixq
design1.mm_interconnect_0.cmd_mux_007,design1_altera_merlin_multiplexer_1921_k3omixq
design1.mm_interconnect_0.cmd_mux_008,design1_altera_merlin_multiplexer_1921_k3omixq
design1.mm_interconnect_0.cmd_mux_009,design1_altera_merlin_multiplexer_1921_k3omixq
design1.mm_interconnect_0.cmd_mux_010,design1_altera_merlin_multiplexer_1921_k3omixq
design1.mm_interconnect_0.rsp_demux_002,design1_altera_merlin_demultiplexer_1921_tjur37q
design1.mm_interconnect_0.rsp_demux_004,design1_altera_merlin_demultiplexer_1921_uyy4crq
design1.mm_interconnect_0.rsp_demux_005,design1_altera_merlin_demultiplexer_1921_jpw27by
design1.mm_interconnect_0.rsp_demux_006,design1_altera_merlin_demultiplexer_1921_jpw27by
design1.mm_interconnect_0.rsp_demux_007,design1_altera_merlin_demultiplexer_1921_jpw27by
design1.mm_interconnect_0.rsp_demux_008,design1_altera_merlin_demultiplexer_1921_jpw27by
design1.mm_interconnect_0.rsp_demux_009,design1_altera_merlin_demultiplexer_1921_jpw27by
design1.mm_interconnect_0.rsp_demux_010,design1_altera_merlin_demultiplexer_1921_jpw27by
design1.mm_interconnect_0.rsp_mux,design1_altera_merlin_multiplexer_1921_67ipntq
design1.mm_interconnect_0.rsp_mux_001,design1_altera_merlin_multiplexer_1921_67ipntq
design1.mm_interconnect_0.rsp_mux_002,design1_altera_merlin_multiplexer_1921_oephbji
design1.mm_interconnect_0.rsp_mux_003,design1_altera_merlin_multiplexer_1921_oephbji
design1.mm_interconnect_0.rsp_mux_004,design1_altera_merlin_multiplexer_1921_oephbji
design1.mm_interconnect_0.rsp_mux_005,design1_altera_merlin_multiplexer_1921_qnsqdvq
design1.mm_interconnect_0.character_lcd_avalon_lcd_slave_rsp_width_adapter,design1_altera_merlin_width_adapter_1920_2mvkihq
design1.mm_interconnect_0.character_lcd_avalon_lcd_slave_cmd_width_adapter,design1_altera_merlin_width_adapter_1920_7vemj5q
design1.irq_mapper,design1_altera_irq_mapper_1920_hybupza
design1.rst_controller,altera_reset_controller
design1.rst_controller_001,altera_reset_controller
