# system info design1_onchip_memory2_0 on 2022.08.21.20:35:24
system_info:
name,value
DEVICE,AGFA012R24A2E2V
DEVICE_FAMILY,Agilex
GENERATION_ID,0
#
#
# Files generated for design1_onchip_memory2_0 on 2022.08.21.20:35:24
files:
filepath,kind,attributes,module,is_top
sim/design1_onchip_memory2_0.v,VERILOG,CONTAINS_INLINE_CONFIGURATION,design1_onchip_memory2_0,true
altera_avalon_onchip_memory2_1931/sim/design1_onchip_memory2_0_altera_avalon_onchip_memory2_1931_756ncra.v,VERILOG,,design1_onchip_memory2_0_altera_avalon_onchip_memory2_1931_756ncra,false
#
# Map from instance-path to kind of module
instances:
instancePath,module
design1_onchip_memory2_0.onchip_memory2_0,design1_onchip_memory2_0_altera_avalon_onchip_memory2_1931_756ncra
