<?xml version="1.0" encoding="UTF-8"?>
<deploy
 date="2022.08.22.16:18:23"
 outputDirectory="C:/Users/dipal.halder/Desktop/sahara/NoC_paper/Designs/ip/design1/design1_intel_generic_serial_flash_interface_top_0/">
 <perimeter>
  <parameter
     name="AUTO_GENERATION_ID"
     type="Integer"
     defaultValue="0"
     onHdl="0"
     affectsHdl="1" />
  <parameter
     name="AUTO_UNIQUE_ID"
     type="String"
     defaultValue=""
     onHdl="0"
     affectsHdl="1" />
  <parameter
     name="AUTO_DEVICE_FAMILY"
     type="String"
     defaultValue="Agilex"
     onHdl="0"
     affectsHdl="1" />
  <parameter
     name="AUTO_DEVICE"
     type="String"
     defaultValue="AGFA012R24A2E2V"
     onHdl="0"
     affectsHdl="1" />
  <parameter
     name="AUTO_DEVICE_SPEEDGRADE"
     type="String"
     defaultValue="2"
     onHdl="0"
     affectsHdl="1" />
  <parameter
     name="AUTO_CLK_CLOCK_RATE"
     type="Long"
     defaultValue="-1"
     onHdl="0"
     affectsHdl="1" />
  <parameter
     name="AUTO_CLK_CLOCK_DOMAIN"
     type="Integer"
     defaultValue="-1"
     onHdl="0"
     affectsHdl="1" />
  <parameter
     name="AUTO_CLK_RESET_DOMAIN"
     type="Integer"
     defaultValue="-1"
     onHdl="0"
     affectsHdl="1" />
  <interface name="avl_csr" kind="avalon" start="0">
   <property name="addressAlignment" value="DYNAMIC" />
   <property name="addressGroup" value="0" />
   <property name="addressSpan" value="256" />
   <property name="addressUnits" value="WORDS" />
   <property name="alwaysBurstMaxBurst" value="false" />
   <property name="associatedClock" value="clk" />
   <property name="associatedReset" value="reset" />
   <property name="bitsPerSymbol" value="8" />
   <property name="bridgedAddressOffset" value="0" />
   <property name="bridgesToMaster" value="" />
   <property name="burstOnBurstBoundariesOnly" value="false" />
   <property name="burstcountUnits" value="WORDS" />
   <property name="constantBurstBehavior" value="false" />
   <property name="explicitAddressSpan" value="0" />
   <property name="holdTime" value="0" />
   <property name="interleaveBursts" value="false" />
   <property name="isBigEndian" value="false" />
   <property name="isFlash" value="false" />
   <property name="isMemoryDevice" value="false" />
   <property name="isNonVolatileStorage" value="false" />
   <property name="linewrapBursts" value="false" />
   <property name="maximumPendingReadTransactions" value="1" />
   <property name="maximumPendingWriteTransactions" value="0" />
   <property name="minimumReadLatency" value="1" />
   <property name="minimumResponseLatency" value="1" />
   <property name="minimumUninterruptedRunLength" value="1" />
   <property name="prSafe" value="false" />
   <property name="printableDevice" value="false" />
   <property name="readLatency" value="0" />
   <property name="readWaitStates" value="1" />
   <property name="readWaitTime" value="1" />
   <property name="registerIncomingSignals" value="false" />
   <property name="registerOutgoingSignals" value="false" />
   <property name="setupTime" value="0" />
   <property name="timingUnits" value="Cycles" />
   <property name="transparentBridge" value="false" />
   <property name="waitrequestAllowance" value="0" />
   <property name="wellBehavedWaitrequest" value="false" />
   <property name="writeLatency" value="0" />
   <property name="writeWaitStates" value="0" />
   <property name="writeWaitTime" value="0" />
   <port name="avl_csr_address" direction="input" role="address" width="6" />
   <port name="avl_csr_read" direction="input" role="read" width="1" />
   <port name="avl_csr_readdata" direction="output" role="readdata" width="32" />
   <port name="avl_csr_write" direction="input" role="write" width="1" />
   <port
       name="avl_csr_writedata"
       direction="input"
       role="writedata"
       width="32" />
   <port
       name="avl_csr_waitrequest"
       direction="output"
       role="waitrequest"
       width="1" />
   <port
       name="avl_csr_readdatavalid"
       direction="output"
       role="readdatavalid"
       width="1" />
  </interface>
  <interface name="avl_mem" kind="avalon" start="0">
   <property name="addressAlignment" value="DYNAMIC" />
   <property name="addressGroup" value="0" />
   <property name="addressSpan" value="16777216" />
   <property name="addressUnits" value="WORDS" />
   <property name="alwaysBurstMaxBurst" value="false" />
   <property name="associatedClock" value="clk" />
   <property name="associatedReset" value="reset" />
   <property name="bitsPerSymbol" value="8" />
   <property name="bridgedAddressOffset" value="0" />
   <property name="bridgesToMaster" value="" />
   <property name="burstOnBurstBoundariesOnly" value="false" />
   <property name="burstcountUnits" value="WORDS" />
   <property name="constantBurstBehavior" value="true" />
   <property name="explicitAddressSpan" value="0" />
   <property name="holdTime" value="0" />
   <property name="interleaveBursts" value="false" />
   <property name="isBigEndian" value="false" />
   <property name="isFlash" value="true" />
   <property name="isMemoryDevice" value="true" />
   <property name="isNonVolatileStorage" value="true" />
   <property name="linewrapBursts" value="true" />
   <property name="maximumPendingReadTransactions" value="1" />
   <property name="maximumPendingWriteTransactions" value="0" />
   <property name="minimumReadLatency" value="1" />
   <property name="minimumResponseLatency" value="1" />
   <property name="minimumUninterruptedRunLength" value="1" />
   <property name="prSafe" value="false" />
   <property name="printableDevice" value="false" />
   <property name="readLatency" value="0" />
   <property name="readWaitStates" value="0" />
   <property name="readWaitTime" value="0" />
   <property name="registerIncomingSignals" value="false" />
   <property name="registerOutgoingSignals" value="false" />
   <property name="setupTime" value="0" />
   <property name="timingUnits" value="Cycles" />
   <property name="transparentBridge" value="false" />
   <property name="waitrequestAllowance" value="0" />
   <property name="wellBehavedWaitrequest" value="false" />
   <property name="writeLatency" value="0" />
   <property name="writeWaitStates" value="0" />
   <property name="writeWaitTime" value="0" />
   <port name="avl_mem_write" direction="input" role="write" width="1" />
   <port
       name="avl_mem_burstcount"
       direction="input"
       role="burstcount"
       width="7" />
   <port
       name="avl_mem_waitrequest"
       direction="output"
       role="waitrequest"
       width="1" />
   <port name="avl_mem_read" direction="input" role="read" width="1" />
   <port name="avl_mem_address" direction="input" role="address" width="22" />
   <port
       name="avl_mem_writedata"
       direction="input"
       role="writedata"
       width="32" />
   <port name="avl_mem_readdata" direction="output" role="readdata" width="32" />
   <port
       name="avl_mem_readdatavalid"
       direction="output"
       role="readdatavalid"
       width="1" />
   <port
       name="avl_mem_byteenable"
       direction="input"
       role="byteenable"
       width="4" />
  </interface>
  <interface name="clk" kind="clock" start="0">
   <property name="clockRate" value="0" />
   <property name="externallyDriven" value="false" />
   <property name="ptfSchematicName" value="" />
   <port name="clk_clk" direction="input" role="clk" width="1" />
  </interface>
  <interface name="reset" kind="reset" start="0">
   <property name="associatedClock" value="" />
   <property name="synchronousEdges" value="NONE" />
   <port name="reset_reset" direction="input" role="reset" width="1" />
  </interface>
 </perimeter>
 <entity
   kind="design1_intel_generic_serial_flash_interface_top_0"
   version="1.0"
   name="design1_intel_generic_serial_flash_interface_top_0">
  <parameter name="AUTO_CLK_CLOCK_RATE" value="-1" />
  <parameter name="AUTO_GENERATION_ID" value="0" />
  <parameter name="AUTO_DEVICE" value="AGFA012R24A2E2V" />
  <parameter name="AUTO_DEVICE_FAMILY" value="Agilex" />
  <parameter name="AUTO_CLK_RESET_DOMAIN" value="-1" />
  <parameter name="AUTO_CLK_CLOCK_DOMAIN" value="-1" />
  <parameter name="AUTO_UNIQUE_ID" value="" />
  <parameter name="AUTO_DEVICE_SPEEDGRADE" value="2" />
  <generatedFiles>
   <file
       path="C:\Users\dipal.halder\Desktop\sahara\NoC_paper\Designs\ip\design1\design1_intel_generic_serial_flash_interface_top_0\synth\design1_intel_generic_serial_flash_interface_top_0.v"
       attributes="CONTAINS_INLINE_CONFIGURATION" />
  </generatedFiles>
  <childGeneratedFiles>
   <file
       path="C:\Users\dipal.halder\Desktop\sahara\NoC_paper\Designs\ip\design1\design1_intel_generic_serial_flash_interface_top_0\synth\design1_intel_generic_serial_flash_interface_top_0.v"
       attributes="CONTAINS_INLINE_CONFIGURATION" />
  </childGeneratedFiles>
  <sourceFiles>
   <file
       path="C:/Users/dipal.halder/Desktop/sahara/NoC_paper/Designs/ip/design1/design1_intel_generic_serial_flash_interface_top_0.ip" />
  </sourceFiles>
  <childSourceFiles>
   <file
       path="C:/intelfpga_pro/21.3/ip/altera/pgm/intel_generic_serial_flash_interface/intel_generic_serial_flash_interface_top/intel_generic_serial_flash_interface_top_hw.tcl" />
   <file
       path="C:/intelfpga_pro/21.3/ip/altera/pgm/intel_generic_serial_flash_interface/intel_generic_serial_flash_interface_csr/intel_generic_serial_flash_interface_csr_hw.tcl" />
   <file
       path="C:/intelfpga_pro/21.3/ip/altera/pgm/intel_generic_serial_flash_interface/intel_generic_serial_flash_interface_xip/intel_generic_serial_flash_interface_xip_hw.tcl" />
   <file
       path="C:/intelfpga_pro/21.3/ip/altera/sopc_builder_ip/altera_avalon_sc_fifo/altera_avalon_sc_fifo_hw.tcl" />
   <file
       path="C:/intelfpga_pro/21.3/ip/altera/pgm/intel_generic_serial_flash_interface/intel_generic_serial_flash_interface_addr/intel_generic_serial_flash_interface_addr_hw.tcl" />
   <file
       path="C:/intelfpga_pro/21.3/ip/altera/merlin/altera_merlin_demultiplexer/altera_merlin_demultiplexer_hw.tcl" />
   <file
       path="C:/intelfpga_pro/21.3/ip/altera/merlin/altera_merlin_multiplexer/altera_merlin_multiplexer_hw.tcl" />
   <file
       path="C:/intelfpga_pro/21.3/ip/altera/pgm/intel_generic_serial_flash_interface/intel_generic_serial_flash_interface_cmd/intel_generic_serial_flash_interface_cmd_hw.tcl" />
   <file
       path="C:/intelfpga_pro/21.3/ip/altera/pgm/intel_generic_serial_flash_interface/intel_generic_serial_flash_interface_if_ctrl/intel_generic_serial_flash_interface_if_ctrl_hw.tcl" />
   <file
       path="C:/intelfpga_pro/21.3/ip/altera/merlin/altera_merlin_multiplexer/altera_merlin_multiplexer_hw.tcl" />
   <file
       path="C:/intelfpga_pro/21.3/ip/altera/sopc_builder_ip/altera_avalon_sc_fifo/altera_avalon_sc_fifo_hw.tcl" />
   <file
       path="C:/intelfpga_pro/21.3/ip/altera/merlin/altera_reset_controller/altera_reset_controller_hw.tcl" />
  </childSourceFiles>
  <messages>
   <message
       level="Info"
       culprit="design1_intel_generic_serial_flash_interface_top_0">"Generating: design1_intel_generic_serial_flash_interface_top_0"</message>
   <message
       level="Info"
       culprit="design1_intel_generic_serial_flash_interface_top_0">"Generating: design1_intel_generic_serial_flash_interface_top_0_intel_generic_serial_flash_interface_top_2012_mtpq6ua"</message>
   <message
       level="Info"
       culprit="design1_intel_generic_serial_flash_interface_top_0">"Generating: intel_generic_serial_flash_interface_csr"</message>
   <message
       level="Info"
       culprit="design1_intel_generic_serial_flash_interface_top_0">"Generating: design1_intel_generic_serial_flash_interface_top_0_intel_generic_serial_flash_interface_xip_1921_fntd6jq"</message>
   <message level="Info" culprit="avst_fifo">"Generating: avst_fifo"</message>
   <message
       level="Info"
       culprit="design1_intel_generic_serial_flash_interface_top_0">"Generating: avst_fifo"</message>
   <message
       level="Info"
       culprit="design1_intel_generic_serial_flash_interface_top_0">"Generating: design1_intel_generic_serial_flash_interface_top_0_altera_avalon_sc_fifo_1930_pqv24kq"</message>
   <message
       level="Info"
       culprit="design1_intel_generic_serial_flash_interface_top_0">"Generating: intel_generic_serial_flash_interface_addr"</message>
   <message
       level="Info"
       culprit="design1_intel_generic_serial_flash_interface_top_0">"Generating: design1_intel_generic_serial_flash_interface_top_0_altera_merlin_demultiplexer_1921_5xqdcnq"</message>
   <message
       level="Info"
       culprit="design1_intel_generic_serial_flash_interface_top_0">"Generating: design1_intel_generic_serial_flash_interface_top_0_altera_merlin_multiplexer_1921_cagme5y"</message>
   <message
       level="Info"
       culprit="design1_intel_generic_serial_flash_interface_top_0">"Generating: intel_generic_serial_flash_interface_cmd"</message>
   <message
       level="Info"
       culprit="design1_intel_generic_serial_flash_interface_top_0">"Generating: design1_intel_generic_serial_flash_interface_top_0_intel_generic_serial_flash_interface_if_ctrl_2003_wv4vebi"</message>
   <message level="Info" culprit="qspi_inf_mux">"Generating: qspi_inf_mux"</message>
   <message level="Info" culprit="inf_sc_fifo_ser_data">"Generating: inf_sc_fifo_ser_data"</message>
   <message
       level="Info"
       culprit="design1_intel_generic_serial_flash_interface_top_0">"Generating: qspi_inf_mux"</message>
   <message
       level="Info"
       culprit="design1_intel_generic_serial_flash_interface_top_0">"Generating: design1_intel_generic_serial_flash_interface_top_0_altera_merlin_multiplexer_1921_bejfhly"</message>
   <message
       level="Info"
       culprit="design1_intel_generic_serial_flash_interface_top_0">"Generating: inf_sc_fifo_ser_data"</message>
   <message
       level="Info"
       culprit="design1_intel_generic_serial_flash_interface_top_0">"Generating: design1_intel_generic_serial_flash_interface_top_0_altera_avalon_sc_fifo_1930_pqv24kq"</message>
   <message
       level="Info"
       culprit="design1_intel_generic_serial_flash_interface_top_0">"Generating: altera_reset_controller"</message>
  </messages>
 </entity>
 <entity
   kind="intel_generic_serial_flash_interface_top"
   version="20.1.2"
   name="design1_intel_generic_serial_flash_interface_top_0_intel_generic_serial_flash_interface_top_2012_mtpq6ua">
  <parameter name="PIPE_MUX_CMD" value="0" />
  <parameter name="DEVICE_FAMILY" value="Agilex" />
  <parameter name="ENABLE_SIM_MODEL" value="false" />
  <parameter name="DEFAULT_VALUE_REG_0" value="1" />
  <parameter name="PIPE_CSR" value="0" />
  <parameter name="DEFAULT_VALUE_REG_2" value="0" />
  <parameter name="DEFAULT_VALUE_REG_1" value="16" />
  <parameter name="DEFAULT_VALUE_REG_4" value="0" />
  <parameter name="gui_use_gpio" value="false" />
  <parameter name="DEFAULT_VALUE_REG_3" value="0" />
  <parameter name="DEFAULT_VALUE_REG_6" value="1282" />
  <parameter name="DEFAULT_VALUE_REG_5" value="3" />
  <parameter name="gui_use_asmiblock" value="false" />
  <parameter name="PIPE_CMD_GEN_CMD" value="0" />
  <parameter name="CHIP_SELS" value="1" />
  <parameter name="USE_CHIP_SEL_FROM_CSR" value="1" />
  <parameter name="DEFAULT_VALUE_REG_7" value="6149" />
  <parameter name="gui_use_csr_byteenable" value="false" />
  <parameter name="DEVICE_DENSITY" value="128" />
  <parameter name="AUTO_DEVICE_SPEEDGRADE" value="2" />
  <parameter name="PIPE_XIP" value="0" />
  <parameter name="ADDR_WIDTH" value="19" />
  <parameter name="AUTO_DEVICE" value="AGFA012R24A2E2V" />
  <parameter name="CHIP_SELECT_BYPASS" value="false" />
  <parameter name="DEBUG_OPTION" value="0" />
  <parameter name="INTENDED_DEVICE_FAMILY" value="Agilex" />
  <generatedFiles>
   <file
       path="C:\Users\dipal.halder\Desktop\sahara\NoC_paper\Designs\ip\design1\design1_intel_generic_serial_flash_interface_top_0\intel_generic_serial_flash_interface_top_2012\synth\design1_intel_generic_serial_flash_interface_top_0_intel_generic_serial_flash_interface_top_2012_mtpq6ua.v"
       attributes="CONTAINS_INLINE_CONFIGURATION" />
  </generatedFiles>
  <childGeneratedFiles>
   <file
       path="C:\Users\dipal.halder\Desktop\sahara\NoC_paper\Designs\ip\design1\design1_intel_generic_serial_flash_interface_top_0\intel_generic_serial_flash_interface_top_2012\synth\design1_intel_generic_serial_flash_interface_top_0_intel_generic_serial_flash_interface_top_2012_mtpq6ua.v"
       attributes="CONTAINS_INLINE_CONFIGURATION" />
  </childGeneratedFiles>
  <sourceFiles>
   <file
       path="C:/intelfpga_pro/21.3/ip/altera/pgm/intel_generic_serial_flash_interface/intel_generic_serial_flash_interface_top/intel_generic_serial_flash_interface_top_hw.tcl" />
  </sourceFiles>
  <childSourceFiles>
   <file
       path="C:/intelfpga_pro/21.3/ip/altera/pgm/intel_generic_serial_flash_interface/intel_generic_serial_flash_interface_csr/intel_generic_serial_flash_interface_csr_hw.tcl" />
   <file
       path="C:/intelfpga_pro/21.3/ip/altera/pgm/intel_generic_serial_flash_interface/intel_generic_serial_flash_interface_xip/intel_generic_serial_flash_interface_xip_hw.tcl" />
   <file
       path="C:/intelfpga_pro/21.3/ip/altera/sopc_builder_ip/altera_avalon_sc_fifo/altera_avalon_sc_fifo_hw.tcl" />
   <file
       path="C:/intelfpga_pro/21.3/ip/altera/pgm/intel_generic_serial_flash_interface/intel_generic_serial_flash_interface_addr/intel_generic_serial_flash_interface_addr_hw.tcl" />
   <file
       path="C:/intelfpga_pro/21.3/ip/altera/merlin/altera_merlin_demultiplexer/altera_merlin_demultiplexer_hw.tcl" />
   <file
       path="C:/intelfpga_pro/21.3/ip/altera/merlin/altera_merlin_multiplexer/altera_merlin_multiplexer_hw.tcl" />
   <file
       path="C:/intelfpga_pro/21.3/ip/altera/pgm/intel_generic_serial_flash_interface/intel_generic_serial_flash_interface_cmd/intel_generic_serial_flash_interface_cmd_hw.tcl" />
   <file
       path="C:/intelfpga_pro/21.3/ip/altera/pgm/intel_generic_serial_flash_interface/intel_generic_serial_flash_interface_if_ctrl/intel_generic_serial_flash_interface_if_ctrl_hw.tcl" />
   <file
       path="C:/intelfpga_pro/21.3/ip/altera/merlin/altera_merlin_multiplexer/altera_merlin_multiplexer_hw.tcl" />
   <file
       path="C:/intelfpga_pro/21.3/ip/altera/sopc_builder_ip/altera_avalon_sc_fifo/altera_avalon_sc_fifo_hw.tcl" />
   <file
       path="C:/intelfpga_pro/21.3/ip/altera/merlin/altera_reset_controller/altera_reset_controller_hw.tcl" />
  </childSourceFiles>
  <instantiator
     instantiator="design1_intel_generic_serial_flash_interface_top_0"
     as="intel_generic_serial_flash_interface_top_0" />
  <messages>
   <message
       level="Info"
       culprit="design1_intel_generic_serial_flash_interface_top_0">"Generating: design1_intel_generic_serial_flash_interface_top_0_intel_generic_serial_flash_interface_top_2012_mtpq6ua"</message>
   <message
       level="Info"
       culprit="design1_intel_generic_serial_flash_interface_top_0">"Generating: intel_generic_serial_flash_interface_csr"</message>
   <message
       level="Info"
       culprit="design1_intel_generic_serial_flash_interface_top_0">"Generating: design1_intel_generic_serial_flash_interface_top_0_intel_generic_serial_flash_interface_xip_1921_fntd6jq"</message>
   <message level="Info" culprit="avst_fifo">"Generating: avst_fifo"</message>
   <message
       level="Info"
       culprit="design1_intel_generic_serial_flash_interface_top_0">"Generating: avst_fifo"</message>
   <message
       level="Info"
       culprit="design1_intel_generic_serial_flash_interface_top_0">"Generating: design1_intel_generic_serial_flash_interface_top_0_altera_avalon_sc_fifo_1930_pqv24kq"</message>
   <message
       level="Info"
       culprit="design1_intel_generic_serial_flash_interface_top_0">"Generating: intel_generic_serial_flash_interface_addr"</message>
   <message
       level="Info"
       culprit="design1_intel_generic_serial_flash_interface_top_0">"Generating: design1_intel_generic_serial_flash_interface_top_0_altera_merlin_demultiplexer_1921_5xqdcnq"</message>
   <message
       level="Info"
       culprit="design1_intel_generic_serial_flash_interface_top_0">"Generating: design1_intel_generic_serial_flash_interface_top_0_altera_merlin_multiplexer_1921_cagme5y"</message>
   <message
       level="Info"
       culprit="design1_intel_generic_serial_flash_interface_top_0">"Generating: intel_generic_serial_flash_interface_cmd"</message>
   <message
       level="Info"
       culprit="design1_intel_generic_serial_flash_interface_top_0">"Generating: design1_intel_generic_serial_flash_interface_top_0_intel_generic_serial_flash_interface_if_ctrl_2003_wv4vebi"</message>
   <message level="Info" culprit="qspi_inf_mux">"Generating: qspi_inf_mux"</message>
   <message level="Info" culprit="inf_sc_fifo_ser_data">"Generating: inf_sc_fifo_ser_data"</message>
   <message
       level="Info"
       culprit="design1_intel_generic_serial_flash_interface_top_0">"Generating: qspi_inf_mux"</message>
   <message
       level="Info"
       culprit="design1_intel_generic_serial_flash_interface_top_0">"Generating: design1_intel_generic_serial_flash_interface_top_0_altera_merlin_multiplexer_1921_bejfhly"</message>
   <message
       level="Info"
       culprit="design1_intel_generic_serial_flash_interface_top_0">"Generating: inf_sc_fifo_ser_data"</message>
   <message
       level="Info"
       culprit="design1_intel_generic_serial_flash_interface_top_0">"Generating: design1_intel_generic_serial_flash_interface_top_0_altera_avalon_sc_fifo_1930_pqv24kq"</message>
   <message
       level="Info"
       culprit="design1_intel_generic_serial_flash_interface_top_0">"Generating: altera_reset_controller"</message>
  </messages>
 </entity>
 <entity
   kind="intel_generic_serial_flash_interface_csr"
   version="20.0.2"
   name="intel_generic_serial_flash_interface_csr">
  <parameter name="DEFAULT_VALUE_REG_0" value="1" />
  <parameter name="DEFAULT_VALUE_REG_2" value="0" />
  <parameter name="DEFAULT_VALUE_REG_1" value="16" />
  <parameter name="DEFAULT_VALUE_REG_4" value="0" />
  <parameter name="DEFAULT_VALUE_REG_3" value="0" />
  <parameter name="ENABLE_CSR_BYTEENABLE" value="false" />
  <parameter name="DEFAULT_VALUE_REG_6" value="1282" />
  <parameter name="DEFAULT_VALUE_REG_5" value="3" />
  <parameter name="CHIP_SELECT_BYPASS" value="false" />
  <parameter name="DEFAULT_VALUE_REG_7" value="6149" />
  <parameter name="ADD_W" value="6" />
  <parameter name="CHIP_SELECT_EN" value="true" />
  <generatedFiles>
   <file
       path="C:\Users\dipal.halder\Desktop\sahara\NoC_paper\Designs\ip\design1\design1_intel_generic_serial_flash_interface_top_0\intel_generic_serial_flash_interface_csr_2002\synth\intel_generic_serial_flash_interface_csr.sv"
       attributes="" />
  </generatedFiles>
  <childGeneratedFiles>
   <file
       path="C:\Users\dipal.halder\Desktop\sahara\NoC_paper\Designs\ip\design1\design1_intel_generic_serial_flash_interface_top_0\intel_generic_serial_flash_interface_csr_2002\synth\intel_generic_serial_flash_interface_csr.sv"
       attributes="" />
  </childGeneratedFiles>
  <sourceFiles>
   <file
       path="C:/intelfpga_pro/21.3/ip/altera/pgm/intel_generic_serial_flash_interface/intel_generic_serial_flash_interface_csr/intel_generic_serial_flash_interface_csr_hw.tcl" />
  </sourceFiles>
  <childSourceFiles/>
  <instantiator
     instantiator="design1_intel_generic_serial_flash_interface_top_0_intel_generic_serial_flash_interface_top_2012_mtpq6ua"
     as="csr_controller" />
  <messages>
   <message
       level="Info"
       culprit="design1_intel_generic_serial_flash_interface_top_0">"Generating: intel_generic_serial_flash_interface_csr"</message>
  </messages>
 </entity>
 <entity
   kind="intel_generic_serial_flash_interface_xip"
   version="19.2.1"
   name="design1_intel_generic_serial_flash_interface_top_0_intel_generic_serial_flash_interface_xip_1921_fntd6jq">
  <parameter name="ADDR_WIDTH" value="32" />
  <parameter name="CHIP_SELECT_EN" value="true" />
  <generatedFiles>
   <file
       path="C:\Users\dipal.halder\Desktop\sahara\NoC_paper\Designs\ip\design1\design1_intel_generic_serial_flash_interface_top_0\intel_generic_serial_flash_interface_xip_1921\synth\design1_intel_generic_serial_flash_interface_top_0_intel_generic_serial_flash_interface_xip_1921_fntd6jq.sv"
       attributes="" />
  </generatedFiles>
  <childGeneratedFiles>
   <file
       path="C:\Users\dipal.halder\Desktop\sahara\NoC_paper\Designs\ip\design1\design1_intel_generic_serial_flash_interface_top_0\intel_generic_serial_flash_interface_xip_1921\synth\design1_intel_generic_serial_flash_interface_top_0_intel_generic_serial_flash_interface_xip_1921_fntd6jq.sv"
       attributes="" />
  </childGeneratedFiles>
  <sourceFiles>
   <file
       path="C:/intelfpga_pro/21.3/ip/altera/pgm/intel_generic_serial_flash_interface/intel_generic_serial_flash_interface_xip/intel_generic_serial_flash_interface_xip_hw.tcl" />
  </sourceFiles>
  <childSourceFiles>
   <file
       path="C:/intelfpga_pro/21.3/ip/altera/sopc_builder_ip/altera_avalon_sc_fifo/altera_avalon_sc_fifo_hw.tcl" />
  </childSourceFiles>
  <instantiator
     instantiator="design1_intel_generic_serial_flash_interface_top_0_intel_generic_serial_flash_interface_top_2012_mtpq6ua"
     as="xip_controller" />
  <messages>
   <message
       level="Info"
       culprit="design1_intel_generic_serial_flash_interface_top_0">"Generating: design1_intel_generic_serial_flash_interface_top_0_intel_generic_serial_flash_interface_xip_1921_fntd6jq"</message>
   <message level="Info" culprit="avst_fifo">"Generating: avst_fifo"</message>
   <message
       level="Info"
       culprit="design1_intel_generic_serial_flash_interface_top_0">"Generating: avst_fifo"</message>
   <message
       level="Info"
       culprit="design1_intel_generic_serial_flash_interface_top_0">"Generating: design1_intel_generic_serial_flash_interface_top_0_altera_avalon_sc_fifo_1930_pqv24kq"</message>
  </messages>
 </entity>
 <entity
   kind="intel_generic_serial_flash_interface_addr"
   version="19.1.2"
   name="intel_generic_serial_flash_interface_addr">
  <parameter name="ADDR_WIDTH" value="22" />
  <parameter name="DEVICE_FAMILY" value="Agilex" />
  <parameter
     name="deviceFeaturesSystemInfo"
     value="ADVANCED_INFO 0 ALLOWS_COMPILING_OTHER_FAMILY_IP 0 ALLOW_DIFF_SUFFIX_MIGRATION 0 ALLOW_NO_JTAG_ID 0 ANY_QFP 0 ASSEMBLER_BCM_CHECK_DISABLED 0 ASSERT_TIMING_ROUTING_DELAYS_HAS_ALL_EXPECTED_DATA 0 ASSERT_TIMING_ROUTING_DELAYS_NO_AUTOFILL 0 BLACKLISTS_HIERARCHIES 0 CELL_LEVEL_BACK_ANNOTATION_DISABLED 0 COMPILER_SUPPORT 1 CORRELATED_TIMING_MODEL 0 DISABLE_COMPILER_SUPPORT 0 DISABLE_CRC_ERROR_DETECTION 0 DISABLE_DUAL_BOOT 0 DISABLE_ERAM_PRELOAD 0 DOES_NOT_HAVE_DPA_SILICON_FIX_IN_ENGINEERING_SAMPLE 0 DOES_NOT_SUPPORT_TIMING_MODELS_FOR_ROUTING_WIRES_WITH_ONLY_REDUNDANT_FANOUTS 0 DSP 1 DUMP_ASM_LAB_BITS_FOR_POWER 0 ECCN_3A991 0 ENABLE_ADVANCED_IO_ANALYSIS_GUI_FEATURES 0 ENABLE_HIGH_SPEED_HSSI 0 ENABLE_PHYSICAL_DESIGN_PLANNER 0 ENABLE_PIN_PLANNER 0 ENGINEERING_SAMPLE 0 FAKE1 0 FAKE2 0 FAKE3 0 FAMILY_LEVEL_INSTALLATION_ONLY 0 FASTEST 0 FAST_POWER_ON_RESET 0 FINAL_DEVICE_MODEL 0 FINAL_TIMING_MODEL 0 FITTER_USE_FALLING_EDGE_DELAY 0 FM_PHASE2 0 FM_REVB 0 FORBID_MIGRATION_ES_WITH_PRODUCTION 0 FPP_COMPLETELY_PLACES_AND_ROUTES_PERIPHERY 1 GENERATE_DC_ON_CURRENT_WARNING_FOR_INTERNAL_CLAMPING_DIODE 0 HARDCOPY 0 HARDCOPY_PROTOTYPE 0 HAS_18_BIT_MULTS 0 HAS_ACE_SUPPORT 1 HAS_ACTIVE_PARALLEL_FLASH_SUPPORT 0 HAS_ADJUSTABLE_OUTPUT_IO_TIMING_MEAS_POINT 0 HAS_ADVANCED_IO_INVERTED_CORNER 0 HAS_ADVANCED_IO_POWER_SUPPORT 0 HAS_ADVANCED_IO_TIMING_SUPPORT 0 HAS_ALM_SUPPORT 1 HAS_ATOM_AND_ROUTING_POWER_MODELED_TOGETHER 0 HAS_AUTO_DERIVE_CLOCK_UNCERTAINTY_SUPPORT 1 HAS_AUTO_FIT_SUPPORT 0 HAS_BALANCED_OPT_TECHNIQUE_SUPPORT 1 HAS_BCM_PIN_BASED_AIOT_SUPPORT 0 HAS_BENEFICIAL_SKEW_SUPPORT 0 HAS_BITLEVEL_DRIVE_STRENGTH_CONTROL 0 HAS_BSDL_FILE_GENERATION 0 HAS_CDB_RE_NETWORK_PRESERVATION_SUPPORT 1 HAS_CGA_SUPPORT 1 HAS_CHECK_NETLIST_SUPPORT 0 HAS_CLOCK_REGION_CHECKER_ENABLED 0 HAS_CORE_JUNCTION_TEMP_DERATING 0 HAS_CROSSTALK_SUPPORT 0 HAS_CROSS_FEATURE_VERTICAL_MIGRATION_SUPPORT 0 HAS_CUSTOM_REGION_SUPPORT 0 HAS_DAP_JTAG_FROM_HPS 0 HAS_DATA_DRIVEN_ACVQ_HSSI_SUPPORT 0 HAS_DDB_FDI_SUPPORT 1 HAS_DESIGN_ANALYZER_SUPPORT 0 HAS_DETAILED_LEIM_STATIC_POWER_MODEL 0 HAS_DETAILED_ROUTING_MUX_STATIC_POWER_MODEL 0 HAS_DETAILED_THERMAL_CIRCUIT_PARAMETER_SUPPORT 0 HAS_DEVICE_MIGRATION_SUPPORT 1 HAS_DIAGONAL_MIGRATION_SUPPORT 0 HAS_DIB 0 HAS_EMIF_TOOLKIT_SUPPORT 0 HAS_EPEQ_SUPPORT 1 HAS_ERROR_DETECTION_SUPPORT 1 HAS_FAMILY_VARIANT_MIGRATION_SUPPORT 0 HAS_FANOUT_FREE_NODE_SUPPORT 1 HAS_FAST_FIT_SUPPORT 0 HAS_FAST_PRESERVATION_SUPPORT 1 HAS_FITTER_ECO_SUPPORT 1 HAS_FIT_NETLIST_OPT_RETIME_SUPPORT 1 HAS_FIT_NETLIST_OPT_SUPPORT 1 HAS_FORMAL_VERIFICATION_SUPPORT 0 HAS_FPGA_XCHANGE_SUPPORT 0 HAS_FSAC_LUTRAM_REGISTER_PACKING_SUPPORT 1 HAS_FULL_DAT_MIN_TIMING_SUPPORT 1 HAS_FULL_INCREMENTAL_DESIGN_SUPPORT 0 HAS_FUNCTIONAL_SIMULATION_SUPPORT 0 HAS_FUNCTIONAL_VERILOG_SIMULATION_SUPPORT 1 HAS_FUNCTIONAL_VHDL_SIMULATION_SUPPORT 1 HAS_GLITCH_FILTERING_SUPPORT 0 HAS_HARDCOPYII_SUPPORT 0 HAS_HARDCOPY_SUPPORT 0 HAS_HC_READY_SUPPORT 0 HAS_HIER_PARTIAL_RECONFIG_SUPPORT 1 HAS_HIGH_SPEED_LOW_POWER_TILE_SUPPORT 0 HAS_HOLD_TIME_AVOIDANCE_ACROSS_CLOCK_SPINE_SUPPORT 0 HAS_HSPICE_WRITER_SUPPORT 0 HAS_HSSI_BLOCK 0 HAS_IBISO_WRITER_SUPPORT 0 HAS_ICD_DATA_IP 0 HAS_IDB_SUPPORT 0 HAS_INCREMENTAL_DAT_SUPPORT 1 HAS_INCREMENTAL_SYNTHESIS_SUPPORT 0 HAS_IO_ASSIGNMENT_ANALYSIS_SUPPORT 1 HAS_IO_DECODER 0 HAS_IO_PLACEMENT_OPTIMIZATION_SUPPORT 0 HAS_IO_PLACEMENT_USING_GEOMETRY_RULE 0 HAS_IO_PLACEMENT_USING_PHYSIC_RULE 0 HAS_IO_SMART_RECOMPILE_SUPPORT 0 HAS_JITTER_SUPPORT 1 HAS_JTAG_SLD_HUB_SUPPORT 1 HAS_LAB_LATCHES 1 HAS_LEIM_RES_MERGED_IN_RR_GRAPH 0 HAS_LOGIC_LOCK_SUPPORT 1 HAS_MICROPROCESSOR 0 HAS_MIF_SMART_COMPILE_SUPPORT 0 HAS_MINMAX_TIMING_MODELING_SUPPORT 0 HAS_MIN_TIMING_ANALYSIS_SUPPORT 0 HAS_MISSING_PAD_INFO 0 HAS_MISSING_PKG_INFO 0 HAS_MUX_RESTRUCTURE_SUPPORT 1 HAS_NADDER_STYLE_CLOCKING 1 HAS_NADDER_STYLE_FF 1 HAS_NADDER_STYLE_LCELL_COMB 1 HAS_NEW_CDB_NAME_FOR_M20K_SCLR 1 HAS_NEW_HC_FLOW_SUPPORT 0 HAS_NEW_SERDES_MAX_RESOURCE_COUNT_REPORTING_SUPPORT 0 HAS_NONSOCKET_TECHNOLOGY_MIGRATION_SUPPORT 0 HAS_NO_DATA_DRIVEN_PACKAGE_INFO 0 HAS_NO_HARDBLOCK_PARTITION_SUPPORT 0 HAS_NO_JTAG_USERCODE_SUPPORT 0 HAS_OPERATING_SETTINGS_AND_CONDITIONS_REPORTING_SUPPORT 1 HAS_PAD_LOCATION_ASSIGNMENT_SUPPORT 0 HAS_PARTIAL_RECONFIG_SUPPORT 1 HAS_PASSIVE_PARALLEL_SUPPORT 0 HAS_PDN_MODEL_STATUS 0 HAS_PHYSICAL_DESIGN_PLANNER_SUPPORT 1 HAS_PHYSICAL_NETLIST_OUTPUT 0 HAS_PHYSICAL_ROUTING_SUPPORT 1 HAS_PLDM_REF_SUPPORT 0 HAS_POWER_ESTIMATION_SUPPORT 1 HAS_PRELIMINARY_CLOCK_UNCERTAINTY_NUMBERS 1 HAS_PRELIMINARY_HSSI_TO_PLD_MCF_CONNECTIVITY 0 HAS_PRE_FITTER_FPP_SUPPORT 1 HAS_PRE_FITTER_LUTRAM_NETLIST_CHECKER_ENABLED 1 HAS_PVA_SUPPORT 0 HAS_QHD_INCREMENTAL_TIMING_CLOSURE_SUPPORT 1 HAS_QHD_IP_REUSE_INTEGRATION_SUPPORT 1 HAS_QHD_PARTITIONS_SUPPORT 1 HAS_QSPI_RESET_SUPPORT 0 HAS_QUARTUS_HIERARCHICAL_DESIGN_SUPPORT 1 HAS_RAPID_RECOMPILE_SUPPORT 1 HAS_RCF_SUPPORT 1 HAS_RCF_SUPPORT_FOR_DEBUGGING 0 HAS_RED_BLACK_SEPARATION_SUPPORT 0 HAS_REVC_IO 0 HAS_RE_LEVEL_TIMING_GRAPH_SUPPORT 0 HAS_RISEFALL_DELAY_SUPPORT 1 HAS_SIGNAL_PROBE_SUPPORT 0 HAS_SIGNAL_TAP_SUPPORT 1 HAS_SIMPLIFIED_PARTIAL_RECONFIG_SUPPORT 1 HAS_SIMULATOR_SUPPORT 0 HAS_SIP_TILE_SUPPORT 1 HAS_SPEED_GRADE_OFFSET 0 HAS_SPLIT_IO_SUPPORT 1 HAS_SPLIT_LC_SUPPORT 1 HAS_STRICT_PRESERVATION_SUPPORT 0 HAS_SYNTHESIS_ON_ATOMS 1 HAS_SYNTH_FSYN_NETLIST_OPT_SUPPORT 1 HAS_SYNTH_NETLIST_OPT_RETIME_SUPPORT 0 HAS_SYNTH_NETLIST_OPT_SUPPORT 1 HAS_TCL_FITTER_SUPPORT 1 HAS_TECHNOLOGY_MIGRATION_SUPPORT 0 HAS_TEMPLATED_REGISTER_PACKING_SUPPORT 1 HAS_TIME_BORROWING_SUPPORT 0 HAS_TIMING_DRIVEN_SYNTHESIS_SUPPORT 1 HAS_TIMING_INFO_SUPPORT 1 HAS_TIMING_OPERATING_CONDITIONS 1 HAS_TIMING_SIMULATION_SUPPORT 0 HAS_TITAN_BASED_MAC_REGISTER_PACKER_SUPPORT 0 HAS_U2B2_SUPPORT 1 HAS_USER_HIGH_SPEED_LOW_POWER_TILE_SUPPORT 0 HAS_USE_FITTER_INFO_SUPPORT 0 HAS_VCCPD_POWER_RAIL 0 HAS_VERTICAL_MIGRATION_SUPPORT 1 HAS_VIEWDRAW_SYMBOL_SUPPORT 0 HAS_VIO_SUPPORT 0 HAS_VIRTUAL_DEVICES 0 HAS_VOLTAGE_REGULATOR 0 HAS_WYSIWYG_DFFEAS_SUPPORT 0 HAS_XIBISO2_WRITER_SUPPORT 0 HAS_XIBISO_WRITER_SUPPORT 0 IFP_USE_LEGACY_IO_CHECKER 0 INCREMENTAL_DESIGN_SUPPORTS_COMPATIBLE_CONSTRAINTS 0 INSTALLED 1 INTERNAL_POF_SUPPORT_ENABLED 0 INTERNAL_STATIC_PART 0 INTERNAL_USE_ONLY 0 IN_BRINGUP 0 ISSUE_MILITARY_TEMPERATURE_WARNING 0 IS_32_BIT_QUARTUS_COMPATIBLE 0 IS_ALTERA_QSPI_DEVICE 0 IS_ASC_DEVICE 0 IS_BARE_DIE 0 IS_CONFIG_ROM 0 IS_DQS_IN_BUFFER_REDUCTION 0 IS_FOR_INTERNAL_TESTING_ONLY 0 IS_HARDCOPY_FAMILY 0 IS_HBGA_PACKAGE 0 IS_HIGH_CURRENT_PART 0 IS_JW_NEW_BINNING_PLAN 0 IS_JZ_NEW_BINNING_PLAN 0 IS_LOWER_POWER 0 IS_LOW_POWER_PART 0 IS_MCP_DEVICE 0 IS_QSPI_DEVICE 0 IS_REVE_SILICON 0 IS_SC_DEVICE 0 IS_SDM_LITE 0 IS_SDM_ONLY_PACKAGE 0 IS_SMI_PART 0 IS_TSUNAMI_VER 0 IS_UDM_BASED 0 LOAD_BLK_TYPE_DATA_FROM_ATOM_WYS_INFO 1 LUTRAM_DATA_IN_FF_MUST_BE_HIPI 0 LVDS_IO 1 M20K_MEMORY 1 MAC_NEGATE_SUPPORT_DISABLED 0 MLAB_MEMORY 1 NOT_AUTOSELECTED 0 NOT_LISTED 0 NOT_MIGRATABLE 0 NOT_SUPPORTED_BY_QPA 0 NO_CLOCK_REGION 0 NO_DATA_FILES 0 NO_FITTER_DELAY_CACHE_GENERATED 0 NO_PCF 0 NO_PINTABLE_AND_FULLCHIP_SUPPORT 0 NO_PIN_OUT 0 NO_POF 0 NO_ROUTING 0 NO_RPE_SUPPORT 0 NO_SUPPORT_FOR_LOGICLOCK_CONTENT_BACK_ANNOTATION 1 NO_SUPPORT_FOR_STA_CLOCK_UNCERTAINTY_CHECK 0 NO_TDC_SUPPORT 0 PINTABLE_OPTIONAL 0 POSTFIT_BAK_DATABASE_EXPORT_ENABLED 0 POSTMAP_BAK_DATABASE_EXPORT_ENABLED 0 PRE_ND5_L_FINALITY 0 PROGRAMMER_ONLY 0 PROGRAMMER_SUPPORT 1 QFIT_IN_DEVELOPMENT 0 QMAP_IN_DEVELOPMENT 0 QPA_USES_PAN2 1 RAM_LOGICAL_NAME_CHECKING_IN_CUT_ENABLED 0 REPORTS_METASTABILITY_MTBF 1 REQUIRES_INSTALLATION_PATCH 0 REQUIRES_LIST_OF_TEMPERATURE_AND_VOLTAGE_OPERATING_CONDITIONS 1 REQUIRES_TLG 0 REQUIRE_QUARTUS_HIERARCHICAL_DESIGN 1 REQUIRE_SPECIAL_HANDLING_FOR_LOCAL_LABLINE 0 RESERVES_SIGNAL_PROBE_PINS 0 RESOLVE_MAX_FANOUT_EARLY 1 RESOLVE_MAX_FANOUT_LATE 0 RESPECTS_FIXED_SIZED_LOCKED_LOCATION_LOGICLOCK 0 RESTRICTED_USER_SELECTION 0 RESTRICT_PARTIAL_RECONFIG 0 RISEFALL_SUPPORT_IS_HIDDEN 0 SHOW_HIDDEN_FAMILY_IN_PROGRAMMER 0 STRICT_TIMING_DB_CHECKS 0 SUPPORTS_1P0V_IOSTD 0 SUPPORTS_ADDITIONAL_OPTIONS_FOR_UNUSED_IO 0 SUPPORTS_ADVANCED_SECURITY 0 SUPPORTS_CRC 1 SUPPORTS_DIFFERENTIAL_AIOT_BOARD_TRACE_MODEL 0 SUPPORTS_DSP_BALANCING_BACK_ANNOTATION 0 SUPPORTS_EASIC 0 SUPPORTS_GENERATION_OF_EARLY_POWER_ESTIMATOR_FILE 1 SUPPORTS_GLOBAL_SIGNAL_BACK_ANNOTATION 0 SUPPORTS_HIPI_PW0 0 SUPPORTS_HIPI_RETIMING 1 SUPPORTS_LICENSE_FREE_PARTIAL_RECONFIG 1 SUPPORTS_MAC_CHAIN_OUT_ADDER 0 SUPPORTS_MIN_CORNER_DMF_GENERATION 1 SUPPORTS_NEW_BINNING_PLAN 0 SUPPORTS_PARTIAL_MIGRATION 0 SUPPORTS_PSEUDO_LATCHES_ONLY 0 SUPPORTS_RAM_PACKING_BACK_ANNOTATION 0 SUPPORTS_REG_PACKING_BACK_ANNOTATION 0 SUPPORTS_SIGNALPROBE_REGISTER_PIPELINING 0 SUPPORTS_SINGLE_ENDED_AIOT_BOARD_TRACE_MODEL 0 SUPPORTS_TIMING_CLOSURE_CORNERS 1 SUPPORTS_USER_MANUAL_LOGIC_DUPLICATION 1 SUPPORTS_VID 0 SUPPORTS_VID_ALGORITHM 1 SUPPORT_HBM_IN_EPE 0 SUPPORT_HIGH_SPEED_HPS 0 SUPPORT_MULTIPLE_PAD_PER_PIN 0 SUPPORT_UIB 0 TMV_RUN_CUSTOMIZABLE_VIEWER 0 TMV_RUN_INTERNAL_DETAILS 1 TMV_RUN_INTERNAL_DETAILS_ON_IO 0 TMV_RUN_INTERNAL_DETAILS_ON_IOBUF 1 TMV_RUN_INTERNAL_DETAILS_ON_LCELL 0 TMV_RUN_INTERNAL_DETAILS_ON_LRAM 0 U2B2_SUPPORT_NOT_READY 0 USES_ACV_FOR_FLED 0 USES_ADB_FOR_BACK_ANNOTATION 1 USES_ALTERA_LNSIM 0 USES_ASIC_ROUTING_POWER_CALCULATOR 0 USES_DATA_DRIVEN_PLL_COMPUTATION_UTIL 0 USES_DETAILED_REDTAX_WITH_DSPF_ROUTING_MODELS 0 USES_DEV 1 USES_DMF_TIMING 0 USES_DSPF_ROUTING_MODELS 0 USES_DSP_FROM_PREVIOUS_FAMILY 0 USES_ESTIMATED_TIMING 0 USES_EXTRACTION_CORNERS_WITH_DSPF_ROUTING_MODELS 0 USES_FAMILY_PART_INFO 0 USES_ICP_FOR_ECO_FITTER 0 USES_LIBERTY_ANNOTATION_FOR_LAB_OUTPUTS 1 USES_LIBERTY_ANNOTATION_FOR_M20K_DSP_OUTPUTS 1 USES_LIBERTY_TIMING 0 USES_MULTIPLE_VID_VOLTAGES 0 USES_PARASITIC_LOADS_WITH_DSPF_ROUTING_MODELS 0 USES_PART_SPECIFIC_DEV_FILES 0 USES_RAM_FROM_PREVIOUS_FAMILY 0 USES_THIRD_GENERATION_TIMING_MODELS_TIS 0 USES_TIMING_ROUTING_DELAYS 0 USES_XML_FORMAT_FOR_EMIF_PIN_MAP_FILE 1 USE_ADVANCED_IO_POWER_BY_DEFAULT 0 USE_ADVANCED_IO_TIMING_BY_DEFAULT 0 USE_BASE_FAMILY_DDB_PATH 0 USE_OCT_AUTO_CALIBRATION 0 USE_RELAX_IO_ASSIGNMENT_RULES 0 USE_RISEFALL_ONLY 1 USE_SDM_CONFIGURATION 1 USE_SEPARATE_LIST_FOR_TECH_MIGRATION 0 USE_SINGLE_COMPILER_PASS_PLL_MIF_FILE_WRITER 0 USE_TITAN_IO_BASED_IO_REGISTER_PACKER_UTIL 1 USE_VIRTUAL_DEV_NAME_FOR_FDI 0 USING_28NM_OR_OLDER_TIMING_METHODOLOGY 0 VERMEER_USES_TSUNAMI_DIE 0 VIRTUAL_PACKAGE 0 WORKS_AROUND_MISSING_RED_FLAGS_IN_DSPF_ROUTING_MODELS 0 WYSIWYG_BUS_WIDTH_CHECKING_IN_CUT_ENABLED 0" />
  <generatedFiles>
   <file
       path="C:\Users\dipal.halder\Desktop\sahara\NoC_paper\Designs\ip\design1\design1_intel_generic_serial_flash_interface_top_0\intel_generic_serial_flash_interface_addr_1912\synth\intel_generic_serial_flash_interface_addr.sv"
       attributes="" />
  </generatedFiles>
  <childGeneratedFiles>
   <file
       path="C:\Users\dipal.halder\Desktop\sahara\NoC_paper\Designs\ip\design1\design1_intel_generic_serial_flash_interface_top_0\intel_generic_serial_flash_interface_addr_1912\synth\intel_generic_serial_flash_interface_addr.sv"
       attributes="" />
  </childGeneratedFiles>
  <sourceFiles>
   <file
       path="C:/intelfpga_pro/21.3/ip/altera/pgm/intel_generic_serial_flash_interface/intel_generic_serial_flash_interface_addr/intel_generic_serial_flash_interface_addr_hw.tcl" />
  </sourceFiles>
  <childSourceFiles/>
  <instantiator
     instantiator="design1_intel_generic_serial_flash_interface_top_0_intel_generic_serial_flash_interface_top_2012_mtpq6ua"
     as="xip_addr_adaption" />
  <messages>
   <message
       level="Info"
       culprit="design1_intel_generic_serial_flash_interface_top_0">"Generating: intel_generic_serial_flash_interface_addr"</message>
  </messages>
 </entity>
 <entity
   kind="altera_merlin_demultiplexer"
   version="19.2.1"
   name="design1_intel_generic_serial_flash_interface_top_0_altera_merlin_demultiplexer_1921_5xqdcnq">
  <parameter name="ST_CHANNEL_W" value="2" />
  <parameter name="VALID_WIDTH" value="1" />
  <parameter name="ST_DATA_W" value="32" />
  <parameter name="NUM_OUTPUTS" value="2" />
  <generatedFiles>
   <file
       path="C:\Users\dipal.halder\Desktop\sahara\NoC_paper\Designs\ip\design1\design1_intel_generic_serial_flash_interface_top_0\altera_merlin_demultiplexer_1921\synth\design1_intel_generic_serial_flash_interface_top_0_altera_merlin_demultiplexer_1921_5xqdcnq.sv"
       attributes="" />
  </generatedFiles>
  <childGeneratedFiles>
   <file
       path="C:\Users\dipal.halder\Desktop\sahara\NoC_paper\Designs\ip\design1\design1_intel_generic_serial_flash_interface_top_0\altera_merlin_demultiplexer_1921\synth\design1_intel_generic_serial_flash_interface_top_0_altera_merlin_demultiplexer_1921_5xqdcnq.sv"
       attributes="" />
  </childGeneratedFiles>
  <sourceFiles>
   <file
       path="C:/intelfpga_pro/21.3/ip/altera/merlin/altera_merlin_demultiplexer/altera_merlin_demultiplexer_hw.tcl" />
  </sourceFiles>
  <childSourceFiles/>
  <instantiator
     instantiator="design1_intel_generic_serial_flash_interface_top_0_intel_generic_serial_flash_interface_top_2012_mtpq6ua"
     as="merlin_demultiplexer_0" />
  <messages>
   <message
       level="Info"
       culprit="design1_intel_generic_serial_flash_interface_top_0">"Generating: design1_intel_generic_serial_flash_interface_top_0_altera_merlin_demultiplexer_1921_5xqdcnq"</message>
  </messages>
 </entity>
 <entity
   kind="altera_merlin_multiplexer"
   version="19.2.1"
   name="design1_intel_generic_serial_flash_interface_top_0_altera_merlin_multiplexer_1921_cagme5y">
  <parameter name="ST_CHANNEL_W" value="2" />
  <parameter name="ARBITRATION_SHARES" value="1" />
  <parameter name="NUM_INPUTS" value="2" />
  <parameter name="PIPELINE_ARB" value="1" />
  <parameter name="ARBITRATION_SCHEME" value="fixed-priority" />
  <parameter name="ST_DATA_W" value="32" />
  <parameter name="USE_EXTERNAL_ARB" value="0" />
  <parameter name="PKT_TRANS_LOCK" value="-1" />
  <parameter name="SYNC_RESET" value="0" />
  <generatedFiles>
   <file
       path="C:\Users\dipal.halder\Desktop\sahara\NoC_paper\Designs\ip\design1\design1_intel_generic_serial_flash_interface_top_0\altera_merlin_multiplexer_1921\synth\design1_intel_generic_serial_flash_interface_top_0_altera_merlin_multiplexer_1921_cagme5y.sv"
       attributes="" />
   <file
       path="C:\Users\dipal.halder\Desktop\sahara\NoC_paper\Designs\ip\design1\design1_intel_generic_serial_flash_interface_top_0\altera_merlin_multiplexer_1921\synth\altera_merlin_arbitrator.sv"
       attributes="" />
  </generatedFiles>
  <childGeneratedFiles>
   <file
       path="C:\Users\dipal.halder\Desktop\sahara\NoC_paper\Designs\ip\design1\design1_intel_generic_serial_flash_interface_top_0\altera_merlin_multiplexer_1921\synth\design1_intel_generic_serial_flash_interface_top_0_altera_merlin_multiplexer_1921_cagme5y.sv"
       attributes="" />
   <file
       path="C:\Users\dipal.halder\Desktop\sahara\NoC_paper\Designs\ip\design1\design1_intel_generic_serial_flash_interface_top_0\altera_merlin_multiplexer_1921\synth\altera_merlin_arbitrator.sv"
       attributes="" />
  </childGeneratedFiles>
  <sourceFiles>
   <file
       path="C:/intelfpga_pro/21.3/ip/altera/merlin/altera_merlin_multiplexer/altera_merlin_multiplexer_hw.tcl" />
  </sourceFiles>
  <childSourceFiles/>
  <instantiator
     instantiator="design1_intel_generic_serial_flash_interface_top_0_intel_generic_serial_flash_interface_top_2012_mtpq6ua"
     as="multiplexer" />
  <messages>
   <message
       level="Info"
       culprit="design1_intel_generic_serial_flash_interface_top_0">"Generating: design1_intel_generic_serial_flash_interface_top_0_altera_merlin_multiplexer_1921_cagme5y"</message>
  </messages>
 </entity>
 <entity
   kind="intel_generic_serial_flash_interface_cmd"
   version="19.1.3"
   name="intel_generic_serial_flash_interface_cmd">
  <generatedFiles>
   <file
       path="C:\Users\dipal.halder\Desktop\sahara\NoC_paper\Designs\ip\design1\design1_intel_generic_serial_flash_interface_top_0\intel_generic_serial_flash_interface_cmd_1913\synth\intel_generic_serial_flash_interface_cmd.sv"
       attributes="TOP_LEVEL_FILE" />
   <file
       path="C:\Users\dipal.halder\Desktop\sahara\NoC_paper\Designs\ip\design1\design1_intel_generic_serial_flash_interface_top_0\intel_generic_serial_flash_interface_cmd_1913\synth\data_adapter_32_8.sv"
       attributes="" />
   <file
       path="C:\Users\dipal.halder\Desktop\sahara\NoC_paper\Designs\ip\design1\design1_intel_generic_serial_flash_interface_top_0\intel_generic_serial_flash_interface_cmd_1913\synth\data_adapter_8_32.sv"
       attributes="" />
  </generatedFiles>
  <childGeneratedFiles>
   <file
       path="C:\Users\dipal.halder\Desktop\sahara\NoC_paper\Designs\ip\design1\design1_intel_generic_serial_flash_interface_top_0\intel_generic_serial_flash_interface_cmd_1913\synth\intel_generic_serial_flash_interface_cmd.sv"
       attributes="TOP_LEVEL_FILE" />
   <file
       path="C:\Users\dipal.halder\Desktop\sahara\NoC_paper\Designs\ip\design1\design1_intel_generic_serial_flash_interface_top_0\intel_generic_serial_flash_interface_cmd_1913\synth\data_adapter_32_8.sv"
       attributes="" />
   <file
       path="C:\Users\dipal.halder\Desktop\sahara\NoC_paper\Designs\ip\design1\design1_intel_generic_serial_flash_interface_top_0\intel_generic_serial_flash_interface_cmd_1913\synth\data_adapter_8_32.sv"
       attributes="" />
  </childGeneratedFiles>
  <sourceFiles>
   <file
       path="C:/intelfpga_pro/21.3/ip/altera/pgm/intel_generic_serial_flash_interface/intel_generic_serial_flash_interface_cmd/intel_generic_serial_flash_interface_cmd_hw.tcl" />
  </sourceFiles>
  <childSourceFiles/>
  <instantiator
     instantiator="design1_intel_generic_serial_flash_interface_top_0_intel_generic_serial_flash_interface_top_2012_mtpq6ua"
     as="serial_flash_inf_cmd_gen_inst" />
  <messages>
   <message
       level="Info"
       culprit="design1_intel_generic_serial_flash_interface_top_0">"Generating: intel_generic_serial_flash_interface_cmd"</message>
  </messages>
 </entity>
 <entity
   kind="intel_generic_serial_flash_interface_if_ctrl"
   version="20.0.3"
   name="design1_intel_generic_serial_flash_interface_top_0_intel_generic_serial_flash_interface_if_ctrl_2003_wv4vebi">
  <parameter name="MODE_LENGTH" value="4" />
  <parameter name="DATA_WIDTH" value="STANDARD" />
  <parameter name="USE_GPIO" value="false" />
  <parameter name="DISABLE_ASMIBLOCK" value="false" />
  <parameter name="DEV_FAMILY" value="Agilex" />
  <parameter name="NCS_LENGTH" value="1" />
  <parameter name="DATA_LENGTH" value="4" />
  <parameter name="ENABLE_SIM_MODEL" value="false" />
  <parameter name="NCS_NUM" value="1" />
  <parameter name="ENABLE_SIM" value="false" />
  <generatedFiles>
   <file
       path="C:\Users\dipal.halder\Desktop\sahara\NoC_paper\Designs\ip\design1\design1_intel_generic_serial_flash_interface_top_0\intel_generic_serial_flash_interface_if_ctrl_2003\synth\intel_generic_serial_flash_interface_asmiblock.sv"
       attributes="" />
   <file
       path="C:\Users\dipal.halder\Desktop\sahara\NoC_paper\Designs\ip\design1\design1_intel_generic_serial_flash_interface_top_0\intel_generic_serial_flash_interface_if_ctrl_2003\synth\adapter_8_1.sv"
       attributes="" />
   <file
       path="C:\Users\dipal.halder\Desktop\sahara\NoC_paper\Designs\ip\design1\design1_intel_generic_serial_flash_interface_top_0\intel_generic_serial_flash_interface_if_ctrl_2003\synth\adapter_8_2.sv"
       attributes="" />
   <file
       path="C:\Users\dipal.halder\Desktop\sahara\NoC_paper\Designs\ip\design1\design1_intel_generic_serial_flash_interface_top_0\intel_generic_serial_flash_interface_if_ctrl_2003\synth\adapter_8_4.sv"
       attributes="" />
   <file
       path="C:\Users\dipal.halder\Desktop\sahara\NoC_paper\Designs\ip\design1\design1_intel_generic_serial_flash_interface_top_0\intel_generic_serial_flash_interface_if_ctrl_2003\synth\demultiplexer.sv"
       attributes="" />
   <file
       path="C:\Users\dipal.halder\Desktop\sahara\NoC_paper\Designs\ip\design1\design1_intel_generic_serial_flash_interface_top_0\intel_generic_serial_flash_interface_if_ctrl_2003\synth\demultiplexer_7_channel.sv"
       attributes="" />
   <file
       path="C:\Users\dipal.halder\Desktop\sahara\NoC_paper\Designs\ip\design1\design1_intel_generic_serial_flash_interface_top_0\intel_generic_serial_flash_interface_if_ctrl_2003\synth\demultiplexer_9_channels.sv"
       attributes="" />
   <file
       path="C:\Users\dipal.halder\Desktop\sahara\NoC_paper\Designs\ip\design1\design1_intel_generic_serial_flash_interface_top_0\intel_generic_serial_flash_interface_if_ctrl_2003\synth\demultiplexer_12_channels.sv"
       attributes="" />
   <file
       path="C:\Users\dipal.halder\Desktop\sahara\NoC_paper\Designs\ip\design1\design1_intel_generic_serial_flash_interface_top_0\intel_generic_serial_flash_interface_if_ctrl_2003\synth\clk_div.sv"
       attributes="" />
   <file
       path="C:\Users\dipal.halder\Desktop\sahara\NoC_paper\Designs\ip\design1\design1_intel_generic_serial_flash_interface_top_0\intel_generic_serial_flash_interface_if_ctrl_2003\synth\clock_devider.sv"
       attributes="" />
   <file
       path="C:\Users\dipal.halder\Desktop\sahara\NoC_paper\Designs\ip\design1\design1_intel_generic_serial_flash_interface_top_0\intel_generic_serial_flash_interface_if_ctrl_2003\synth\design1_intel_generic_serial_flash_interface_top_0_intel_generic_serial_flash_interface_if_ctrl_2003_wv4vebi.sv"
       attributes="" />
  </generatedFiles>
  <childGeneratedFiles>
   <file
       path="C:\Users\dipal.halder\Desktop\sahara\NoC_paper\Designs\ip\design1\design1_intel_generic_serial_flash_interface_top_0\intel_generic_serial_flash_interface_if_ctrl_2003\synth\intel_generic_serial_flash_interface_asmiblock.sv"
       attributes="" />
   <file
       path="C:\Users\dipal.halder\Desktop\sahara\NoC_paper\Designs\ip\design1\design1_intel_generic_serial_flash_interface_top_0\intel_generic_serial_flash_interface_if_ctrl_2003\synth\adapter_8_1.sv"
       attributes="" />
   <file
       path="C:\Users\dipal.halder\Desktop\sahara\NoC_paper\Designs\ip\design1\design1_intel_generic_serial_flash_interface_top_0\intel_generic_serial_flash_interface_if_ctrl_2003\synth\adapter_8_2.sv"
       attributes="" />
   <file
       path="C:\Users\dipal.halder\Desktop\sahara\NoC_paper\Designs\ip\design1\design1_intel_generic_serial_flash_interface_top_0\intel_generic_serial_flash_interface_if_ctrl_2003\synth\adapter_8_4.sv"
       attributes="" />
   <file
       path="C:\Users\dipal.halder\Desktop\sahara\NoC_paper\Designs\ip\design1\design1_intel_generic_serial_flash_interface_top_0\intel_generic_serial_flash_interface_if_ctrl_2003\synth\demultiplexer.sv"
       attributes="" />
   <file
       path="C:\Users\dipal.halder\Desktop\sahara\NoC_paper\Designs\ip\design1\design1_intel_generic_serial_flash_interface_top_0\intel_generic_serial_flash_interface_if_ctrl_2003\synth\demultiplexer_7_channel.sv"
       attributes="" />
   <file
       path="C:\Users\dipal.halder\Desktop\sahara\NoC_paper\Designs\ip\design1\design1_intel_generic_serial_flash_interface_top_0\intel_generic_serial_flash_interface_if_ctrl_2003\synth\demultiplexer_9_channels.sv"
       attributes="" />
   <file
       path="C:\Users\dipal.halder\Desktop\sahara\NoC_paper\Designs\ip\design1\design1_intel_generic_serial_flash_interface_top_0\intel_generic_serial_flash_interface_if_ctrl_2003\synth\demultiplexer_12_channels.sv"
       attributes="" />
   <file
       path="C:\Users\dipal.halder\Desktop\sahara\NoC_paper\Designs\ip\design1\design1_intel_generic_serial_flash_interface_top_0\intel_generic_serial_flash_interface_if_ctrl_2003\synth\clk_div.sv"
       attributes="" />
   <file
       path="C:\Users\dipal.halder\Desktop\sahara\NoC_paper\Designs\ip\design1\design1_intel_generic_serial_flash_interface_top_0\intel_generic_serial_flash_interface_if_ctrl_2003\synth\clock_devider.sv"
       attributes="" />
   <file
       path="C:\Users\dipal.halder\Desktop\sahara\NoC_paper\Designs\ip\design1\design1_intel_generic_serial_flash_interface_top_0\intel_generic_serial_flash_interface_if_ctrl_2003\synth\design1_intel_generic_serial_flash_interface_top_0_intel_generic_serial_flash_interface_if_ctrl_2003_wv4vebi.sv"
       attributes="" />
  </childGeneratedFiles>
  <sourceFiles>
   <file
       path="C:/intelfpga_pro/21.3/ip/altera/pgm/intel_generic_serial_flash_interface/intel_generic_serial_flash_interface_if_ctrl/intel_generic_serial_flash_interface_if_ctrl_hw.tcl" />
  </sourceFiles>
  <childSourceFiles>
   <file
       path="C:/intelfpga_pro/21.3/ip/altera/merlin/altera_merlin_multiplexer/altera_merlin_multiplexer_hw.tcl" />
   <file
       path="C:/intelfpga_pro/21.3/ip/altera/sopc_builder_ip/altera_avalon_sc_fifo/altera_avalon_sc_fifo_hw.tcl" />
  </childSourceFiles>
  <instantiator
     instantiator="design1_intel_generic_serial_flash_interface_top_0_intel_generic_serial_flash_interface_top_2012_mtpq6ua"
     as="qspi_inf_inst" />
  <messages>
   <message
       level="Info"
       culprit="design1_intel_generic_serial_flash_interface_top_0">"Generating: design1_intel_generic_serial_flash_interface_top_0_intel_generic_serial_flash_interface_if_ctrl_2003_wv4vebi"</message>
   <message level="Info" culprit="qspi_inf_mux">"Generating: qspi_inf_mux"</message>
   <message level="Info" culprit="inf_sc_fifo_ser_data">"Generating: inf_sc_fifo_ser_data"</message>
   <message
       level="Info"
       culprit="design1_intel_generic_serial_flash_interface_top_0">"Generating: qspi_inf_mux"</message>
   <message
       level="Info"
       culprit="design1_intel_generic_serial_flash_interface_top_0">"Generating: design1_intel_generic_serial_flash_interface_top_0_altera_merlin_multiplexer_1921_bejfhly"</message>
   <message
       level="Info"
       culprit="design1_intel_generic_serial_flash_interface_top_0">"Generating: inf_sc_fifo_ser_data"</message>
   <message
       level="Info"
       culprit="design1_intel_generic_serial_flash_interface_top_0">"Generating: design1_intel_generic_serial_flash_interface_top_0_altera_avalon_sc_fifo_1930_pqv24kq"</message>
  </messages>
 </entity>
 <entity
   kind="altera_reset_controller"
   version="19.2.1"
   name="altera_reset_controller">
  <generatedFiles>
   <file
       path="C:\Users\dipal.halder\Desktop\sahara\NoC_paper\Designs\ip\design1\design1_intel_generic_serial_flash_interface_top_0\altera_reset_controller_1921\synth\altera_reset_controller.v"
       attributes="" />
   <file
       path="C:\Users\dipal.halder\Desktop\sahara\NoC_paper\Designs\ip\design1\design1_intel_generic_serial_flash_interface_top_0\altera_reset_controller_1921\synth\altera_reset_synchronizer.v"
       attributes="" />
   <file
       path="C:\Users\dipal.halder\Desktop\sahara\NoC_paper\Designs\ip\design1\design1_intel_generic_serial_flash_interface_top_0\altera_reset_controller_1921\synth\altera_reset_controller.sdc"
       attributes="NO_AUTO_INSTANCE_DISCOVERY NO_SDC_PROMOTION" />
  </generatedFiles>
  <childGeneratedFiles>
   <file
       path="C:\Users\dipal.halder\Desktop\sahara\NoC_paper\Designs\ip\design1\design1_intel_generic_serial_flash_interface_top_0\altera_reset_controller_1921\synth\altera_reset_controller.v"
       attributes="" />
   <file
       path="C:\Users\dipal.halder\Desktop\sahara\NoC_paper\Designs\ip\design1\design1_intel_generic_serial_flash_interface_top_0\altera_reset_controller_1921\synth\altera_reset_synchronizer.v"
       attributes="" />
   <file
       path="C:\Users\dipal.halder\Desktop\sahara\NoC_paper\Designs\ip\design1\design1_intel_generic_serial_flash_interface_top_0\altera_reset_controller_1921\synth\altera_reset_controller.sdc"
       attributes="NO_AUTO_INSTANCE_DISCOVERY NO_SDC_PROMOTION" />
  </childGeneratedFiles>
  <sourceFiles>
   <file
       path="C:/intelfpga_pro/21.3/ip/altera/merlin/altera_reset_controller/altera_reset_controller_hw.tcl" />
  </sourceFiles>
  <childSourceFiles/>
  <instantiator
     instantiator="design1_intel_generic_serial_flash_interface_top_0_intel_generic_serial_flash_interface_top_2012_mtpq6ua"
     as="rst_controller" />
  <messages>
   <message
       level="Info"
       culprit="design1_intel_generic_serial_flash_interface_top_0">"Generating: altera_reset_controller"</message>
  </messages>
 </entity>
 <entity
   kind="intel_generic_serial_flash_interface_xip_altera_avalon_sc_fifo"
   version="19.2.1"
   name="avst_fifo">
  <parameter name="EXPLICIT_MAXCHANNEL" value="0" />
  <parameter name="EMPTY_WIDTH" value="1" />
  <parameter name="SYNC_RESET" value="0" />
  <parameter name="ENABLE_EXPLICIT_MAXCHANNEL" value="false" />
  <generatedFiles>
   <file
       path="C:\Users\dipal.halder\Desktop\sahara\NoC_paper\Designs\ip\design1\design1_intel_generic_serial_flash_interface_top_0\intel_generic_serial_flash_interface_xip_1921\synth\avst_fifo.v"
       attributes="CONTAINS_INLINE_CONFIGURATION" />
  </generatedFiles>
  <childGeneratedFiles>
   <file
       path="C:\Users\dipal.halder\Desktop\sahara\NoC_paper\Designs\ip\design1\design1_intel_generic_serial_flash_interface_top_0\intel_generic_serial_flash_interface_xip_1921\synth\avst_fifo.v"
       attributes="CONTAINS_INLINE_CONFIGURATION" />
  </childGeneratedFiles>
  <sourceFiles/>
  <childSourceFiles>
   <file
       path="C:/intelfpga_pro/21.3/ip/altera/sopc_builder_ip/altera_avalon_sc_fifo/altera_avalon_sc_fifo_hw.tcl" />
  </childSourceFiles>
  <instantiator
     instantiator="design1_intel_generic_serial_flash_interface_top_0_intel_generic_serial_flash_interface_xip_1921_fntd6jq"
     as="avst_fifo" />
  <messages>
   <message
       level="Info"
       culprit="design1_intel_generic_serial_flash_interface_top_0">"Generating: avst_fifo"</message>
   <message
       level="Info"
       culprit="design1_intel_generic_serial_flash_interface_top_0">"Generating: design1_intel_generic_serial_flash_interface_top_0_altera_avalon_sc_fifo_1930_pqv24kq"</message>
  </messages>
 </entity>
 <entity
   kind="intel_generic_serial_flash_interface_if_ctrl_altera_merlin_multiplexer"
   version="20.0.3"
   name="qspi_inf_mux">
  <parameter name="ST_CHANNEL_W" value="12" />
  <parameter name="ARBITRATION_SHARES" value="1" />
  <parameter name="NUM_INPUTS" value="3" />
  <parameter name="PIPELINE_ARB" value="0" />
  <parameter name="ARBITRATION_SCHEME" value="round-robin" />
  <parameter name="ST_DATA_W" value="4" />
  <parameter name="USE_EXTERNAL_ARB" value="0" />
  <parameter name="PKT_TRANS_LOCK" value="-1" />
  <parameter name="SYNC_RESET" value="0" />
  <generatedFiles>
   <file
       path="C:\Users\dipal.halder\Desktop\sahara\NoC_paper\Designs\ip\design1\design1_intel_generic_serial_flash_interface_top_0\intel_generic_serial_flash_interface_if_ctrl_2003\synth\qspi_inf_mux.v"
       attributes="CONTAINS_INLINE_CONFIGURATION" />
  </generatedFiles>
  <childGeneratedFiles>
   <file
       path="C:\Users\dipal.halder\Desktop\sahara\NoC_paper\Designs\ip\design1\design1_intel_generic_serial_flash_interface_top_0\intel_generic_serial_flash_interface_if_ctrl_2003\synth\qspi_inf_mux.v"
       attributes="CONTAINS_INLINE_CONFIGURATION" />
  </childGeneratedFiles>
  <sourceFiles/>
  <childSourceFiles>
   <file
       path="C:/intelfpga_pro/21.3/ip/altera/merlin/altera_merlin_multiplexer/altera_merlin_multiplexer_hw.tcl" />
  </childSourceFiles>
  <instantiator
     instantiator="design1_intel_generic_serial_flash_interface_top_0_intel_generic_serial_flash_interface_if_ctrl_2003_wv4vebi"
     as="qspi_inf_mux" />
  <messages>
   <message
       level="Info"
       culprit="design1_intel_generic_serial_flash_interface_top_0">"Generating: qspi_inf_mux"</message>
   <message
       level="Info"
       culprit="design1_intel_generic_serial_flash_interface_top_0">"Generating: design1_intel_generic_serial_flash_interface_top_0_altera_merlin_multiplexer_1921_bejfhly"</message>
  </messages>
 </entity>
 <entity
   kind="intel_generic_serial_flash_interface_if_ctrl_altera_avalon_sc_fifo"
   version="20.0.3"
   name="inf_sc_fifo_ser_data">
  <parameter name="EXPLICIT_MAXCHANNEL" value="0" />
  <parameter name="EMPTY_WIDTH" value="1" />
  <parameter name="SYNC_RESET" value="0" />
  <parameter name="ENABLE_EXPLICIT_MAXCHANNEL" value="false" />
  <generatedFiles>
   <file
       path="C:\Users\dipal.halder\Desktop\sahara\NoC_paper\Designs\ip\design1\design1_intel_generic_serial_flash_interface_top_0\intel_generic_serial_flash_interface_if_ctrl_2003\synth\inf_sc_fifo_ser_data.v"
       attributes="CONTAINS_INLINE_CONFIGURATION" />
  </generatedFiles>
  <childGeneratedFiles>
   <file
       path="C:\Users\dipal.halder\Desktop\sahara\NoC_paper\Designs\ip\design1\design1_intel_generic_serial_flash_interface_top_0\intel_generic_serial_flash_interface_if_ctrl_2003\synth\inf_sc_fifo_ser_data.v"
       attributes="CONTAINS_INLINE_CONFIGURATION" />
  </childGeneratedFiles>
  <sourceFiles/>
  <childSourceFiles>
   <file
       path="C:/intelfpga_pro/21.3/ip/altera/sopc_builder_ip/altera_avalon_sc_fifo/altera_avalon_sc_fifo_hw.tcl" />
  </childSourceFiles>
  <instantiator
     instantiator="design1_intel_generic_serial_flash_interface_top_0_intel_generic_serial_flash_interface_if_ctrl_2003_wv4vebi"
     as="inf_sc_fifo_ser_data" />
  <messages>
   <message
       level="Info"
       culprit="design1_intel_generic_serial_flash_interface_top_0">"Generating: inf_sc_fifo_ser_data"</message>
   <message
       level="Info"
       culprit="design1_intel_generic_serial_flash_interface_top_0">"Generating: design1_intel_generic_serial_flash_interface_top_0_altera_avalon_sc_fifo_1930_pqv24kq"</message>
  </messages>
 </entity>
 <entity
   kind="altera_avalon_sc_fifo"
   version="19.3.0"
   name="design1_intel_generic_serial_flash_interface_top_0_altera_avalon_sc_fifo_1930_pqv24kq">
  <parameter name="EXPLICIT_MAXCHANNEL" value="0" />
  <parameter name="EMPTY_WIDTH" value="1" />
  <parameter name="SYNC_RESET" value="0" />
  <parameter name="ENABLE_EXPLICIT_MAXCHANNEL" value="false" />
  <generatedFiles>
   <file
       path="C:\Users\dipal.halder\Desktop\sahara\NoC_paper\Designs\ip\design1\design1_intel_generic_serial_flash_interface_top_0\altera_avalon_sc_fifo_1930\synth\design1_intel_generic_serial_flash_interface_top_0_altera_avalon_sc_fifo_1930_pqv24kq.v"
       attributes="" />
  </generatedFiles>
  <childGeneratedFiles>
   <file
       path="C:\Users\dipal.halder\Desktop\sahara\NoC_paper\Designs\ip\design1\design1_intel_generic_serial_flash_interface_top_0\altera_avalon_sc_fifo_1930\synth\design1_intel_generic_serial_flash_interface_top_0_altera_avalon_sc_fifo_1930_pqv24kq.v"
       attributes="" />
  </childGeneratedFiles>
  <sourceFiles>
   <file
       path="C:/intelfpga_pro/21.3/ip/altera/sopc_builder_ip/altera_avalon_sc_fifo/altera_avalon_sc_fifo_hw.tcl" />
  </sourceFiles>
  <childSourceFiles/>
  <instantiator instantiator="avst_fifo" as="avst_fifo" />
  <instantiator instantiator="inf_sc_fifo_ser_data" as="inf_sc_fifo_ser_data" />
  <messages>
   <message
       level="Info"
       culprit="design1_intel_generic_serial_flash_interface_top_0">"Generating: design1_intel_generic_serial_flash_interface_top_0_altera_avalon_sc_fifo_1930_pqv24kq"</message>
  </messages>
 </entity>
 <entity
   kind="altera_merlin_multiplexer"
   version="19.2.1"
   name="design1_intel_generic_serial_flash_interface_top_0_altera_merlin_multiplexer_1921_bejfhly">
  <parameter name="ST_CHANNEL_W" value="12" />
  <parameter name="ARBITRATION_SHARES" value="1" />
  <parameter name="NUM_INPUTS" value="3" />
  <parameter name="PIPELINE_ARB" value="0" />
  <parameter name="ARBITRATION_SCHEME" value="round-robin" />
  <parameter name="ST_DATA_W" value="4" />
  <parameter name="USE_EXTERNAL_ARB" value="0" />
  <parameter name="PKT_TRANS_LOCK" value="-1" />
  <parameter name="SYNC_RESET" value="0" />
  <generatedFiles>
   <file
       path="C:\Users\dipal.halder\Desktop\sahara\NoC_paper\Designs\ip\design1\design1_intel_generic_serial_flash_interface_top_0\altera_merlin_multiplexer_1921\synth\design1_intel_generic_serial_flash_interface_top_0_altera_merlin_multiplexer_1921_bejfhly.sv"
       attributes="" />
   <file
       path="C:\Users\dipal.halder\Desktop\sahara\NoC_paper\Designs\ip\design1\design1_intel_generic_serial_flash_interface_top_0\altera_merlin_multiplexer_1921\synth\altera_merlin_arbitrator.sv"
       attributes="" />
  </generatedFiles>
  <childGeneratedFiles>
   <file
       path="C:\Users\dipal.halder\Desktop\sahara\NoC_paper\Designs\ip\design1\design1_intel_generic_serial_flash_interface_top_0\altera_merlin_multiplexer_1921\synth\design1_intel_generic_serial_flash_interface_top_0_altera_merlin_multiplexer_1921_bejfhly.sv"
       attributes="" />
   <file
       path="C:\Users\dipal.halder\Desktop\sahara\NoC_paper\Designs\ip\design1\design1_intel_generic_serial_flash_interface_top_0\altera_merlin_multiplexer_1921\synth\altera_merlin_arbitrator.sv"
       attributes="" />
  </childGeneratedFiles>
  <sourceFiles>
   <file
       path="C:/intelfpga_pro/21.3/ip/altera/merlin/altera_merlin_multiplexer/altera_merlin_multiplexer_hw.tcl" />
  </sourceFiles>
  <childSourceFiles/>
  <instantiator instantiator="qspi_inf_mux" as="qspi_inf_mux" />
  <messages>
   <message
       level="Info"
       culprit="design1_intel_generic_serial_flash_interface_top_0">"Generating: design1_intel_generic_serial_flash_interface_top_0_altera_merlin_multiplexer_1921_bejfhly"</message>
  </messages>
 </entity>
</deploy>
