# system info design1_intel_generic_serial_flash_interface_top_0 on 2022.08.22.16:18:22
system_info:
name,value
DEVICE,AGFA012R24A2E2V
DEVICE_FAMILY,Agilex
GENERATION_ID,0
#
#
# Files generated for design1_intel_generic_serial_flash_interface_top_0 on 2022.08.22.16:18:22
files:
filepath,kind,attributes,module,is_top
sim/design1_intel_generic_serial_flash_interface_top_0.v,VERILOG,CONTAINS_INLINE_CONFIGURATION,design1_intel_generic_serial_flash_interface_top_0,true
intel_generic_serial_flash_interface_top_2012/sim/design1_intel_generic_serial_flash_interface_top_0_intel_generic_serial_flash_interface_top_2012_mtpq6ua.v,VERILOG,CONTAINS_INLINE_CONFIGURATION,design1_intel_generic_serial_flash_interface_top_0_intel_generic_serial_flash_interface_top_2012_mtpq6ua,false
intel_generic_serial_flash_interface_csr_2002/sim/intel_generic_serial_flash_interface_csr.sv,SYSTEM_VERILOG,,intel_generic_serial_flash_interface_csr,false
intel_generic_serial_flash_interface_xip_1921/sim/design1_intel_generic_serial_flash_interface_top_0_intel_generic_serial_flash_interface_xip_1921_fntd6jq.sv,SYSTEM_VERILOG,,design1_intel_generic_serial_flash_interface_top_0_intel_generic_serial_flash_interface_xip_1921_fntd6jq,false
intel_generic_serial_flash_interface_addr_1912/sim/intel_generic_serial_flash_interface_addr.sv,SYSTEM_VERILOG,,intel_generic_serial_flash_interface_addr,false
altera_merlin_demultiplexer_1921/sim/design1_intel_generic_serial_flash_interface_top_0_altera_merlin_demultiplexer_1921_5xqdcnq.sv,SYSTEM_VERILOG,,design1_intel_generic_serial_flash_interface_top_0_altera_merlin_demultiplexer_1921_5xqdcnq,false
altera_merlin_multiplexer_1921/sim/design1_intel_generic_serial_flash_interface_top_0_altera_merlin_multiplexer_1921_cagme5y.sv,SYSTEM_VERILOG,,design1_intel_generic_serial_flash_interface_top_0_altera_merlin_multiplexer_1921_cagme5y,false
altera_merlin_multiplexer_1921/sim/altera_merlin_arbitrator.sv,SYSTEM_VERILOG,,design1_intel_generic_serial_flash_interface_top_0_altera_merlin_multiplexer_1921_cagme5y,false
intel_generic_serial_flash_interface_cmd_1913/sim/intel_generic_serial_flash_interface_cmd.sv,SYSTEM_VERILOG,,intel_generic_serial_flash_interface_cmd,false
intel_generic_serial_flash_interface_cmd_1913/sim/data_adapter_32_8.sv,SYSTEM_VERILOG,,intel_generic_serial_flash_interface_cmd,false
intel_generic_serial_flash_interface_cmd_1913/sim/data_adapter_8_32.sv,SYSTEM_VERILOG,,intel_generic_serial_flash_interface_cmd,false
intel_generic_serial_flash_interface_if_ctrl_2003/sim/intel_generic_serial_flash_interface_asmiblock.sv,SYSTEM_VERILOG,,design1_intel_generic_serial_flash_interface_top_0_intel_generic_serial_flash_interface_if_ctrl_2003_wv4vebi,false
intel_generic_serial_flash_interface_if_ctrl_2003/sim/adapter_8_1.sv,SYSTEM_VERILOG,,design1_intel_generic_serial_flash_interface_top_0_intel_generic_serial_flash_interface_if_ctrl_2003_wv4vebi,false
intel_generic_serial_flash_interface_if_ctrl_2003/sim/adapter_8_2.sv,SYSTEM_VERILOG,,design1_intel_generic_serial_flash_interface_top_0_intel_generic_serial_flash_interface_if_ctrl_2003_wv4vebi,false
intel_generic_serial_flash_interface_if_ctrl_2003/sim/adapter_8_4.sv,SYSTEM_VERILOG,,design1_intel_generic_serial_flash_interface_top_0_intel_generic_serial_flash_interface_if_ctrl_2003_wv4vebi,false
intel_generic_serial_flash_interface_if_ctrl_2003/sim/demultiplexer.sv,SYSTEM_VERILOG,,design1_intel_generic_serial_flash_interface_top_0_intel_generic_serial_flash_interface_if_ctrl_2003_wv4vebi,false
intel_generic_serial_flash_interface_if_ctrl_2003/sim/demultiplexer_7_channel.sv,SYSTEM_VERILOG,,design1_intel_generic_serial_flash_interface_top_0_intel_generic_serial_flash_interface_if_ctrl_2003_wv4vebi,false
intel_generic_serial_flash_interface_if_ctrl_2003/sim/demultiplexer_9_channels.sv,SYSTEM_VERILOG,,design1_intel_generic_serial_flash_interface_top_0_intel_generic_serial_flash_interface_if_ctrl_2003_wv4vebi,false
intel_generic_serial_flash_interface_if_ctrl_2003/sim/demultiplexer_12_channels.sv,SYSTEM_VERILOG,,design1_intel_generic_serial_flash_interface_top_0_intel_generic_serial_flash_interface_if_ctrl_2003_wv4vebi,false
intel_generic_serial_flash_interface_if_ctrl_2003/sim/clk_div.sv,SYSTEM_VERILOG,,design1_intel_generic_serial_flash_interface_top_0_intel_generic_serial_flash_interface_if_ctrl_2003_wv4vebi,false
intel_generic_serial_flash_interface_if_ctrl_2003/sim/clock_devider.sv,SYSTEM_VERILOG,,design1_intel_generic_serial_flash_interface_top_0_intel_generic_serial_flash_interface_if_ctrl_2003_wv4vebi,false
intel_generic_serial_flash_interface_if_ctrl_2003/sim/design1_intel_generic_serial_flash_interface_top_0_intel_generic_serial_flash_interface_if_ctrl_2003_wv4vebi.sv,SYSTEM_VERILOG,,design1_intel_generic_serial_flash_interface_top_0_intel_generic_serial_flash_interface_if_ctrl_2003_wv4vebi,false
altera_reset_controller_1921/sim/altera_reset_controller.v,VERILOG,,altera_reset_controller,false
altera_reset_controller_1921/sim/altera_reset_synchronizer.v,VERILOG,,altera_reset_controller,false
altera_reset_controller_1921/sim/altera_reset_controller.sdc,SDC_ENTITY,NO_AUTO_INSTANCE_DISCOVERY NO_SDC_PROMOTION,altera_reset_controller,false
intel_generic_serial_flash_interface_xip_1921/sim/avst_fifo.v,VERILOG,CONTAINS_INLINE_CONFIGURATION,avst_fifo,false
intel_generic_serial_flash_interface_if_ctrl_2003/sim/qspi_inf_mux.v,VERILOG,CONTAINS_INLINE_CONFIGURATION,qspi_inf_mux,false
intel_generic_serial_flash_interface_if_ctrl_2003/sim/inf_sc_fifo_ser_data.v,VERILOG,CONTAINS_INLINE_CONFIGURATION,inf_sc_fifo_ser_data,false
altera_avalon_sc_fifo_1930/sim/design1_intel_generic_serial_flash_interface_top_0_altera_avalon_sc_fifo_1930_pqv24kq.v,VERILOG,,design1_intel_generic_serial_flash_interface_top_0_altera_avalon_sc_fifo_1930_pqv24kq,false
altera_merlin_multiplexer_1921/sim/design1_intel_generic_serial_flash_interface_top_0_altera_merlin_multiplexer_1921_bejfhly.sv,SYSTEM_VERILOG,,design1_intel_generic_serial_flash_interface_top_0_altera_merlin_multiplexer_1921_bejfhly,false
altera_merlin_multiplexer_1921/sim/altera_merlin_arbitrator.sv,SYSTEM_VERILOG,,design1_intel_generic_serial_flash_interface_top_0_altera_merlin_multiplexer_1921_bejfhly,false
#
# Map from instance-path to kind of module
instances:
instancePath,module
design1_intel_generic_serial_flash_interface_top_0.intel_generic_serial_flash_interface_top_0,design1_intel_generic_serial_flash_interface_top_0_intel_generic_serial_flash_interface_top_2012_mtpq6ua
design1_intel_generic_serial_flash_interface_top_0.intel_generic_serial_flash_interface_top_0.csr_controller,intel_generic_serial_flash_interface_csr
design1_intel_generic_serial_flash_interface_top_0.intel_generic_serial_flash_interface_top_0.xip_controller,design1_intel_generic_serial_flash_interface_top_0_intel_generic_serial_flash_interface_xip_1921_fntd6jq
design1_intel_generic_serial_flash_interface_top_0.intel_generic_serial_flash_interface_top_0.xip_controller.avst_fifo,avst_fifo
design1_intel_generic_serial_flash_interface_top_0.intel_generic_serial_flash_interface_top_0.xip_controller.avst_fifo.avst_fifo,design1_intel_generic_serial_flash_interface_top_0_altera_avalon_sc_fifo_1930_pqv24kq
design1_intel_generic_serial_flash_interface_top_0.intel_generic_serial_flash_interface_top_0.xip_addr_adaption,intel_generic_serial_flash_interface_addr
design1_intel_generic_serial_flash_interface_top_0.intel_generic_serial_flash_interface_top_0.merlin_demultiplexer_0,design1_intel_generic_serial_flash_interface_top_0_altera_merlin_demultiplexer_1921_5xqdcnq
design1_intel_generic_serial_flash_interface_top_0.intel_generic_serial_flash_interface_top_0.multiplexer,design1_intel_generic_serial_flash_interface_top_0_altera_merlin_multiplexer_1921_cagme5y
design1_intel_generic_serial_flash_interface_top_0.intel_generic_serial_flash_interface_top_0.serial_flash_inf_cmd_gen_inst,intel_generic_serial_flash_interface_cmd
design1_intel_generic_serial_flash_interface_top_0.intel_generic_serial_flash_interface_top_0.qspi_inf_inst,design1_intel_generic_serial_flash_interface_top_0_intel_generic_serial_flash_interface_if_ctrl_2003_wv4vebi
design1_intel_generic_serial_flash_interface_top_0.intel_generic_serial_flash_interface_top_0.qspi_inf_inst.qspi_inf_mux,qspi_inf_mux
design1_intel_generic_serial_flash_interface_top_0.intel_generic_serial_flash_interface_top_0.qspi_inf_inst.qspi_inf_mux.qspi_inf_mux,design1_intel_generic_serial_flash_interface_top_0_altera_merlin_multiplexer_1921_bejfhly
design1_intel_generic_serial_flash_interface_top_0.intel_generic_serial_flash_interface_top_0.qspi_inf_inst.inf_sc_fifo_ser_data,inf_sc_fifo_ser_data
design1_intel_generic_serial_flash_interface_top_0.intel_generic_serial_flash_interface_top_0.qspi_inf_inst.inf_sc_fifo_ser_data.inf_sc_fifo_ser_data,design1_intel_generic_serial_flash_interface_top_0_altera_avalon_sc_fifo_1930_pqv24kq
design1_intel_generic_serial_flash_interface_top_0.intel_generic_serial_flash_interface_top_0.rst_controller,altera_reset_controller
