# system info design1_jtag_uart_0 on 2022.08.21.20:35:19
system_info:
name,value
DEVICE,AGFA012R24A2E2V
DEVICE_FAMILY,Agilex
GENERATION_ID,0
#
#
# Files generated for design1_jtag_uart_0 on 2022.08.21.20:35:19
files:
filepath,kind,attributes,module,is_top
sim/design1_jtag_uart_0.v,VERILOG,CONTAINS_INLINE_CONFIGURATION,design1_jtag_uart_0,true
altera_avalon_jtag_uart_1910/sim/design1_jtag_uart_0_altera_avalon_jtag_uart_1910_kftwyaa.v,VERILOG,,design1_jtag_uart_0_altera_avalon_jtag_uart_1910_kftwyaa,false
#
# Map from instance-path to kind of module
instances:
instancePath,module
design1_jtag_uart_0.jtag_uart_0,design1_jtag_uart_0_altera_avalon_jtag_uart_1910_kftwyaa
