# system info design1_intel_niosv_m_0 on 2022.08.22.16:18:16
system_info:
name,value
DEVICE,AGFA012R24A2E2V
DEVICE_FAMILY,Agilex
GENERATION_ID,0
#
#
# Files generated for design1_intel_niosv_m_0 on 2022.08.22.16:18:16
files:
filepath,kind,attributes,module,is_top
sim/design1_intel_niosv_m_0.v,VERILOG,CONTAINS_INLINE_CONFIGURATION,design1_intel_niosv_m_0,true
intel_niosv_m_2110/sim/design1_intel_niosv_m_0_intel_niosv_m_2110_zfgatba.v,VERILOG,CONTAINS_INLINE_CONFIGURATION,design1_intel_niosv_m_0_intel_niosv_m_2110_zfgatba,false
intel_niosv_m_unit_2110/sim/aldec/opcode_def.sv,SYSTEM_VERILOG,ALDEC_SPECIFIC,nios_top,false
intel_niosv_m_unit_2110/sim/aldec/alu.sv,SYSTEM_VERILOG,ALDEC_SPECIFIC,nios_top,false
intel_niosv_m_unit_2110/sim/aldec/instr_decoder.sv,SYSTEM_VERILOG,ALDEC_SPECIFIC,nios_top,false
intel_niosv_m_unit_2110/sim/aldec/lsu.sv,SYSTEM_VERILOG,ALDEC_SPECIFIC,nios_top,false
intel_niosv_m_unit_2110/sim/aldec/nios_top.sv,SYSTEM_VERILOG,ALDEC_SPECIFIC,nios_top,false
intel_niosv_m_unit_2110/sim/aldec/reg_file.sv,SYSTEM_VERILOG,ALDEC_SPECIFIC,nios_top,false
intel_niosv_m_unit_2110/sim/aldec/csr.sv,SYSTEM_VERILOG,ALDEC_SPECIFIC,nios_top,false
intel_niosv_m_unit_2110/sim/aldec/interrupt_handler.sv,SYSTEM_VERILOG,ALDEC_SPECIFIC,nios_top,false
intel_niosv_m_unit_2110/sim/cadence/opcode_def.sv,SYSTEM_VERILOG,CADENCE_SPECIFIC,nios_top,false
intel_niosv_m_unit_2110/sim/cadence/alu.sv,SYSTEM_VERILOG,CADENCE_SPECIFIC,nios_top,false
intel_niosv_m_unit_2110/sim/cadence/instr_decoder.sv,SYSTEM_VERILOG,CADENCE_SPECIFIC,nios_top,false
intel_niosv_m_unit_2110/sim/cadence/lsu.sv,SYSTEM_VERILOG,CADENCE_SPECIFIC,nios_top,false
intel_niosv_m_unit_2110/sim/cadence/nios_top.sv,SYSTEM_VERILOG,CADENCE_SPECIFIC,nios_top,false
intel_niosv_m_unit_2110/sim/cadence/reg_file.sv,SYSTEM_VERILOG,CADENCE_SPECIFIC,nios_top,false
intel_niosv_m_unit_2110/sim/cadence/csr.sv,SYSTEM_VERILOG,CADENCE_SPECIFIC,nios_top,false
intel_niosv_m_unit_2110/sim/cadence/interrupt_handler.sv,SYSTEM_VERILOG,CADENCE_SPECIFIC,nios_top,false
intel_niosv_m_unit_2110/sim/mentor/opcode_def.sv,SYSTEM_VERILOG,MENTOR_SPECIFIC,nios_top,false
intel_niosv_m_unit_2110/sim/mentor/alu.sv,SYSTEM_VERILOG,MENTOR_SPECIFIC,nios_top,false
intel_niosv_m_unit_2110/sim/mentor/instr_decoder.sv,SYSTEM_VERILOG,MENTOR_SPECIFIC,nios_top,false
intel_niosv_m_unit_2110/sim/mentor/lsu.sv,SYSTEM_VERILOG,MENTOR_SPECIFIC,nios_top,false
intel_niosv_m_unit_2110/sim/mentor/nios_top.sv,SYSTEM_VERILOG,MENTOR_SPECIFIC,nios_top,false
intel_niosv_m_unit_2110/sim/mentor/reg_file.sv,SYSTEM_VERILOG,MENTOR_SPECIFIC,nios_top,false
intel_niosv_m_unit_2110/sim/mentor/csr.sv,SYSTEM_VERILOG,MENTOR_SPECIFIC,nios_top,false
intel_niosv_m_unit_2110/sim/mentor/interrupt_handler.sv,SYSTEM_VERILOG,MENTOR_SPECIFIC,nios_top,false
intel_niosv_m_unit_2110/sim/synopsys/opcode_def.sv,SYSTEM_VERILOG,SYNOPSYS_SPECIFIC,nios_top,false
intel_niosv_m_unit_2110/sim/synopsys/alu.sv,SYSTEM_VERILOG,SYNOPSYS_SPECIFIC,nios_top,false
intel_niosv_m_unit_2110/sim/synopsys/instr_decoder.sv,SYSTEM_VERILOG,SYNOPSYS_SPECIFIC,nios_top,false
intel_niosv_m_unit_2110/sim/synopsys/lsu.sv,SYSTEM_VERILOG,SYNOPSYS_SPECIFIC,nios_top,false
intel_niosv_m_unit_2110/sim/synopsys/nios_top.sv,SYSTEM_VERILOG,SYNOPSYS_SPECIFIC,nios_top,false
intel_niosv_m_unit_2110/sim/synopsys/reg_file.sv,SYSTEM_VERILOG,SYNOPSYS_SPECIFIC,nios_top,false
intel_niosv_m_unit_2110/sim/synopsys/csr.sv,SYSTEM_VERILOG,SYNOPSYS_SPECIFIC,nios_top,false
intel_niosv_m_unit_2110/sim/synopsys/interrupt_handler.sv,SYSTEM_VERILOG,SYNOPSYS_SPECIFIC,nios_top,false
intel_niosv_timer_msip_100/sim/aldec/timer_msip.sv,SYSTEM_VERILOG,ALDEC_SPECIFIC,timer_msip,false
intel_niosv_timer_msip_100/sim/cadence/timer_msip.sv,SYSTEM_VERILOG,CADENCE_SPECIFIC,timer_msip,false
intel_niosv_timer_msip_100/sim/mentor/timer_msip.sv,SYSTEM_VERILOG,MENTOR_SPECIFIC,timer_msip,false
intel_niosv_timer_msip_100/sim/synopsys/timer_msip.sv,SYSTEM_VERILOG,SYNOPSYS_SPECIFIC,timer_msip,false
intel_niosv_m_dbg_mod_100/sim/aldec/dm_def.sv,SYSTEM_VERILOG,ALDEC_SPECIFIC,dm_top,false
intel_niosv_m_dbg_mod_100/sim/aldec/dm_jtag2mm.sv,SYSTEM_VERILOG,ALDEC_SPECIFIC,dm_top,false
intel_niosv_m_dbg_mod_100/sim/aldec/dm_top.sv,SYSTEM_VERILOG,ALDEC_SPECIFIC,dm_top,false
intel_niosv_m_dbg_mod_100/sim/aldec/debug_module.sv,SYSTEM_VERILOG,ALDEC_SPECIFIC,dm_top,false
intel_niosv_m_dbg_mod_100/sim/aldec/debug_rom.sv,SYSTEM_VERILOG,ALDEC_SPECIFIC,dm_top,false
intel_niosv_m_dbg_mod_100/sim/cadence/dm_def.sv,SYSTEM_VERILOG,CADENCE_SPECIFIC,dm_top,false
intel_niosv_m_dbg_mod_100/sim/cadence/dm_jtag2mm.sv,SYSTEM_VERILOG,CADENCE_SPECIFIC,dm_top,false
intel_niosv_m_dbg_mod_100/sim/cadence/dm_top.sv,SYSTEM_VERILOG,CADENCE_SPECIFIC,dm_top,false
intel_niosv_m_dbg_mod_100/sim/cadence/debug_module.sv,SYSTEM_VERILOG,CADENCE_SPECIFIC,dm_top,false
intel_niosv_m_dbg_mod_100/sim/cadence/debug_rom.sv,SYSTEM_VERILOG,CADENCE_SPECIFIC,dm_top,false
intel_niosv_m_dbg_mod_100/sim/mentor/dm_def.sv,SYSTEM_VERILOG,MENTOR_SPECIFIC,dm_top,false
intel_niosv_m_dbg_mod_100/sim/mentor/dm_jtag2mm.sv,SYSTEM_VERILOG,MENTOR_SPECIFIC,dm_top,false
intel_niosv_m_dbg_mod_100/sim/mentor/dm_top.sv,SYSTEM_VERILOG,MENTOR_SPECIFIC,dm_top,false
intel_niosv_m_dbg_mod_100/sim/mentor/debug_module.sv,SYSTEM_VERILOG,MENTOR_SPECIFIC,dm_top,false
intel_niosv_m_dbg_mod_100/sim/mentor/debug_rom.sv,SYSTEM_VERILOG,MENTOR_SPECIFIC,dm_top,false
intel_niosv_m_dbg_mod_100/sim/synopsys/dm_def.sv,SYSTEM_VERILOG,SYNOPSYS_SPECIFIC,dm_top,false
intel_niosv_m_dbg_mod_100/sim/synopsys/dm_jtag2mm.sv,SYSTEM_VERILOG,SYNOPSYS_SPECIFIC,dm_top,false
intel_niosv_m_dbg_mod_100/sim/synopsys/dm_top.sv,SYSTEM_VERILOG,SYNOPSYS_SPECIFIC,dm_top,false
intel_niosv_m_dbg_mod_100/sim/synopsys/debug_module.sv,SYSTEM_VERILOG,SYNOPSYS_SPECIFIC,dm_top,false
intel_niosv_m_dbg_mod_100/sim/synopsys/debug_rom.sv,SYSTEM_VERILOG,SYNOPSYS_SPECIFIC,dm_top,false
intel_niosv_m_dbg_mod_100/sim/altera_std_synchronizer_bundle.v,SYSTEM_VERILOG,,dm_top,false
intel_niosv_m_dbg_mod_100/sim/altera_std_synchronizer_nocut.v,SYSTEM_VERILOG,,dm_top,false
intel_niosv_m_dbg_mod_100/sim/altera_std_synchronizer.v,SYSTEM_VERILOG,,dm_top,false
intel_niosv_m_dbg_mod_100/sim/altera_avalon_st_clock_crosser.v,SYSTEM_VERILOG,,dm_top,false
intel_niosv_m_dbg_mod_100/sim/altera_avalon_st_handshake_clock_crosser.v,SYSTEM_VERILOG,,dm_top,false
intel_niosv_m_dbg_mod_100/sim/altera_avalon_st_pipeline_base.v,SYSTEM_VERILOG,,dm_top,false
intel_niosv_m_dbg_mod_100/sim/altera_avalon_st_pipeline_stage.sv,SYSTEM_VERILOG,,dm_top,false
altera_irq_mapper_1920/sim/design1_intel_niosv_m_0_altera_irq_mapper_1920_oganwhi.sv,SYSTEM_VERILOG,,design1_intel_niosv_m_0_altera_irq_mapper_1920_oganwhi,false
#
# Map from instance-path to kind of module
instances:
instancePath,module
design1_intel_niosv_m_0.intel_niosv_m_0,design1_intel_niosv_m_0_intel_niosv_m_2110_zfgatba
design1_intel_niosv_m_0.intel_niosv_m_0.hart,nios_top
design1_intel_niosv_m_0.intel_niosv_m_0.timer_module,timer_msip
design1_intel_niosv_m_0.intel_niosv_m_0.dbg_mod,dm_top
design1_intel_niosv_m_0.intel_niosv_m_0.irq_mapper,design1_intel_niosv_m_0_altera_irq_mapper_1920_oganwhi
design1_intel_niosv_m_0.intel_niosv_m_0.irq_mapper_001,design1_intel_niosv_m_0_altera_irq_mapper_1920_oganwhi
design1_intel_niosv_m_0.intel_niosv_m_0.irq_mapper_002,design1_intel_niosv_m_0_altera_irq_mapper_1920_oganwhi
