<?xml version="1.0" encoding="UTF-8"?>
<preferences>
 <debug showDebugMenu="0" />
 <window width="1920" height="1030" x="0" y="0" />
 <systemtable filter="All Interfaces">
  <columns>
   <connections preferredWidth="415" />
   <irq preferredWidth="79" />
  </columns>
 </systemtable>
 <library
   expandedCategories="Library/University Program/Generic IO,Library,Library/Basic Functions/Simulation; Debug and Verification,Library/Basic Functions/Simulation; Debug and Verification/Debug and Performance,Library/University Program/Audio &amp; Video,Library/DSP/Signal Generation,Project,Existing IP Variants,Library/University Program/Communications,Library/Interface Protocols/Ethernet/1G Multi-rate Ethernet,Library/Interface Protocols,Library/Generic Component,Library/Interface Protocols/Ethernet/Reference Design Components,Library/Interface Protocols/Ethernet,Library/DSP,Library/Basic Functions/Simulation; Debug and Verification/Verification,Library/Basic Functions,Library/University Program,Library/University Program/Memory" />
 <generation path="" ipxact="1" />
</preferences>
