# system info design1_character_lcd_0 on 2022.08.21.20:35:25
system_info:
name,value
DEVICE,AGFA012R24A2E2V
DEVICE_FAMILY,Agilex
GENERATION_ID,0
#
#
# Files generated for design1_character_lcd_0 on 2022.08.21.20:35:25
files:
filepath,kind,attributes,module,is_top
sim/design1_character_lcd_0.v,VERILOG,CONTAINS_INLINE_CONFIGURATION,design1_character_lcd_0,true
altera_up_avalon_character_lcd_180/sim/altera_up_character_lcd_communication.v,VERILOG,,design1_character_lcd_0_altera_up_avalon_character_lcd_180_4etfxua,false
altera_up_avalon_character_lcd_180/sim/altera_up_character_lcd_initialization.v,VERILOG,,design1_character_lcd_0_altera_up_avalon_character_lcd_180_4etfxua,false
altera_up_avalon_character_lcd_180/sim/design1_character_lcd_0_altera_up_avalon_character_lcd_180_4etfxua.v,VERILOG,,design1_character_lcd_0_altera_up_avalon_character_lcd_180_4etfxua,false
#
# Map from instance-path to kind of module
instances:
instancePath,module
design1_character_lcd_0.character_lcd_0,design1_character_lcd_0_altera_up_avalon_character_lcd_180_4etfxua
