<?xml version="1.0" encoding="UTF-8"?>
<deploy
 date="2022.08.05.00:13:49"
 outputDirectory="C:/Users/dipal.halder/Desktop/sahara/NoC_paper/Designs/ip/design1/design1_character_lcd_0/">
 <perimeter>
  <parameter
     name="AUTO_GENERATION_ID"
     type="Integer"
     defaultValue="0"
     onHdl="0"
     affectsHdl="1" />
  <parameter
     name="AUTO_UNIQUE_ID"
     type="String"
     defaultValue=""
     onHdl="0"
     affectsHdl="1" />
  <parameter
     name="AUTO_DEVICE_FAMILY"
     type="String"
     defaultValue="Agilex"
     onHdl="0"
     affectsHdl="1" />
  <parameter
     name="AUTO_DEVICE"
     type="String"
     defaultValue="AGFA012R24A2E2V"
     onHdl="0"
     affectsHdl="1" />
  <parameter
     name="AUTO_DEVICE_SPEEDGRADE"
     type="String"
     defaultValue="2"
     onHdl="0"
     affectsHdl="1" />
  <parameter
     name="AUTO_CLK_CLOCK_RATE"
     type="Long"
     defaultValue="-1"
     onHdl="0"
     affectsHdl="1" />
  <parameter
     name="AUTO_CLK_CLOCK_DOMAIN"
     type="Integer"
     defaultValue="-1"
     onHdl="0"
     affectsHdl="1" />
  <parameter
     name="AUTO_CLK_RESET_DOMAIN"
     type="Integer"
     defaultValue="-1"
     onHdl="0"
     affectsHdl="1" />
  <interface name="clk" kind="clock" start="0">
   <property name="clockRate" value="0" />
   <property name="externallyDriven" value="false" />
   <property name="ptfSchematicName" value="" />
   <port name="clk" direction="input" role="clk" width="1" />
  </interface>
  <interface name="reset" kind="reset" start="0">
   <property name="associatedClock" value="clk" />
   <property name="synchronousEdges" value="DEASSERT" />
   <port name="reset" direction="input" role="reset" width="1" />
  </interface>
  <interface name="avalon_lcd_slave" kind="avalon" start="0">
   <property name="addressAlignment" value="DYNAMIC" />
   <property name="addressGroup" value="0" />
   <property name="addressSpan" value="2" />
   <property name="addressUnits" value="WORDS" />
   <property name="alwaysBurstMaxBurst" value="false" />
   <property name="associatedClock" value="clk" />
   <property name="associatedReset" value="reset" />
   <property name="bitsPerSymbol" value="8" />
   <property name="bridgedAddressOffset" value="0" />
   <property name="bridgesToMaster" value="" />
   <property name="burstOnBurstBoundariesOnly" value="false" />
   <property name="burstcountUnits" value="WORDS" />
   <property name="constantBurstBehavior" value="false" />
   <property name="explicitAddressSpan" value="0" />
   <property name="holdTime" value="0" />
   <property name="interleaveBursts" value="false" />
   <property name="isBigEndian" value="false" />
   <property name="isFlash" value="false" />
   <property name="isMemoryDevice" value="false" />
   <property name="isNonVolatileStorage" value="false" />
   <property name="linewrapBursts" value="false" />
   <property name="maximumPendingReadTransactions" value="0" />
   <property name="maximumPendingWriteTransactions" value="0" />
   <property name="minimumReadLatency" value="1" />
   <property name="minimumResponseLatency" value="1" />
   <property name="minimumUninterruptedRunLength" value="1" />
   <property name="prSafe" value="false" />
   <property name="printableDevice" value="false" />
   <property name="readLatency" value="0" />
   <property name="readWaitStates" value="1" />
   <property name="readWaitTime" value="1" />
   <property name="registerIncomingSignals" value="false" />
   <property name="registerOutgoingSignals" value="false" />
   <property name="setupTime" value="0" />
   <property name="timingUnits" value="Cycles" />
   <property name="transparentBridge" value="false" />
   <property name="waitrequestAllowance" value="0" />
   <property name="wellBehavedWaitrequest" value="false" />
   <property name="writeLatency" value="0" />
   <property name="writeWaitStates" value="0" />
   <property name="writeWaitTime" value="0" />
   <port name="address" direction="input" role="address" width="1" />
   <port name="chipselect" direction="input" role="chipselect" width="1" />
   <port name="read" direction="input" role="read" width="1" />
   <port name="write" direction="input" role="write" width="1" />
   <port name="writedata" direction="input" role="writedata" width="8" />
   <port name="readdata" direction="output" role="readdata" width="8" />
   <port name="waitrequest" direction="output" role="waitrequest" width="1" />
  </interface>
  <interface name="external_interface" kind="conduit" start="0">
   <property name="associatedClock" value="" />
   <property name="associatedReset" value="" />
   <property name="prSafe" value="false" />
   <port name="LCD_DATA" direction="bidir" role="DATA" width="8" />
   <port name="LCD_ON" direction="output" role="ON" width="1" />
   <port name="LCD_BLON" direction="output" role="BLON" width="1" />
   <port name="LCD_EN" direction="output" role="EN" width="1" />
   <port name="LCD_RS" direction="output" role="RS" width="1" />
   <port name="LCD_RW" direction="output" role="RW" width="1" />
  </interface>
 </perimeter>
 <entity
   kind="design1_character_lcd_0"
   version="1.0"
   name="design1_character_lcd_0">
  <parameter name="AUTO_CLK_CLOCK_RATE" value="-1" />
  <parameter name="AUTO_GENERATION_ID" value="0" />
  <parameter name="AUTO_DEVICE" value="AGFA012R24A2E2V" />
  <parameter name="AUTO_DEVICE_FAMILY" value="Agilex" />
  <parameter name="AUTO_CLK_RESET_DOMAIN" value="-1" />
  <parameter name="AUTO_CLK_CLOCK_DOMAIN" value="-1" />
  <parameter name="AUTO_UNIQUE_ID" value="" />
  <parameter name="AUTO_DEVICE_SPEEDGRADE" value="2" />
  <generatedFiles>
   <file
       path="C:\Users\dipal.halder\Desktop\sahara\NoC_paper\Designs\ip\design1\design1_character_lcd_0\synth\design1_character_lcd_0.v"
       attributes="CONTAINS_INLINE_CONFIGURATION" />
  </generatedFiles>
  <childGeneratedFiles>
   <file
       path="C:\Users\dipal.halder\Desktop\sahara\NoC_paper\Designs\ip\design1\design1_character_lcd_0\synth\design1_character_lcd_0.v"
       attributes="CONTAINS_INLINE_CONFIGURATION" />
  </childGeneratedFiles>
  <sourceFiles>
   <file
       path="C:/Users/dipal.halder/Desktop/sahara/NoC_paper/Designs/ip/design1/design1_character_lcd_0.ip" />
  </sourceFiles>
  <childSourceFiles>
   <file
       path="C:/intelfpga_pro/21.3/ip/altera/university_program/audio_video/altera_up_avalon_character_lcd/altera_up_avalon_character_lcd_hw.tcl" />
   <file
       path="C:/intelfpga_pro/21.3/ip/altera/university_program/audio_video/altera_up_avalon_character_lcd/hdl/altera_up_character_lcd_communication.v" />
   <file
       path="C:/intelfpga_pro/21.3/ip/altera/university_program/audio_video/altera_up_avalon_character_lcd/hdl/altera_up_character_lcd_initialization.v" />
  </childSourceFiles>
  <messages>
   <message level="Info" culprit="design1_character_lcd_0">"Generating: design1_character_lcd_0"</message>
   <message level="Info" culprit="design1_character_lcd_0">"Generating: design1_character_lcd_0_altera_up_avalon_character_lcd_180_4etfxua"</message>
   <message level="Info" culprit="character_lcd_0">Starting Generation of Character LCD</message>
  </messages>
 </entity>
 <entity
   kind="altera_up_avalon_character_lcd"
   version="18.0"
   name="design1_character_lcd_0_altera_up_avalon_character_lcd_180_4etfxua">
  <parameter name="cursor" value="Normal" />
  <parameter name="AUTO_CLK_CLOCK_RATE" value="50000000" />
  <parameter name="AUTO_DEVICE_FAMILY" value="Agilex" />
  <generatedFiles>
   <file
       path="C:\Users\dipal.halder\Desktop\sahara\NoC_paper\Designs\ip\design1\design1_character_lcd_0\altera_up_avalon_character_lcd_180\synth\altera_up_character_lcd_communication.v" />
   <file
       path="C:\Users\dipal.halder\Desktop\sahara\NoC_paper\Designs\ip\design1\design1_character_lcd_0\altera_up_avalon_character_lcd_180\synth\altera_up_character_lcd_initialization.v" />
   <file
       path="C:\Users\dipal.halder\Desktop\sahara\NoC_paper\Designs\ip\design1\design1_character_lcd_0\altera_up_avalon_character_lcd_180\synth\design1_character_lcd_0_altera_up_avalon_character_lcd_180_4etfxua.v" />
  </generatedFiles>
  <childGeneratedFiles>
   <file
       path="C:\Users\dipal.halder\Desktop\sahara\NoC_paper\Designs\ip\design1\design1_character_lcd_0\altera_up_avalon_character_lcd_180\synth\altera_up_character_lcd_communication.v" />
   <file
       path="C:\Users\dipal.halder\Desktop\sahara\NoC_paper\Designs\ip\design1\design1_character_lcd_0\altera_up_avalon_character_lcd_180\synth\altera_up_character_lcd_initialization.v" />
   <file
       path="C:\Users\dipal.halder\Desktop\sahara\NoC_paper\Designs\ip\design1\design1_character_lcd_0\altera_up_avalon_character_lcd_180\synth\design1_character_lcd_0_altera_up_avalon_character_lcd_180_4etfxua.v" />
  </childGeneratedFiles>
  <sourceFiles>
   <file
       path="C:/intelfpga_pro/21.3/ip/altera/university_program/audio_video/altera_up_avalon_character_lcd/altera_up_avalon_character_lcd_hw.tcl" />
   <file
       path="C:/intelfpga_pro/21.3/ip/altera/university_program/audio_video/altera_up_avalon_character_lcd/hdl/altera_up_character_lcd_communication.v" />
   <file
       path="C:/intelfpga_pro/21.3/ip/altera/university_program/audio_video/altera_up_avalon_character_lcd/hdl/altera_up_character_lcd_initialization.v" />
  </sourceFiles>
  <childSourceFiles/>
  <instantiator instantiator="design1_character_lcd_0" as="character_lcd_0" />
  <messages>
   <message level="Info" culprit="design1_character_lcd_0">"Generating: design1_character_lcd_0_altera_up_avalon_character_lcd_180_4etfxua"</message>
   <message level="Info" culprit="character_lcd_0">Starting Generation of Character LCD</message>
  </messages>
 </entity>
</deploy>
