# system info design1_error_response_slave_0 on 2022.07.19.01:23:18
system_info:
name,value
DEVICE,AGFA012R24A2E2V
DEVICE_FAMILY,Agilex
GENERATION_ID,0
#
#
# Files generated for design1_error_response_slave_0 on 2022.07.19.01:23:18
files:
filepath,kind,attributes,module,is_top
sim/design1_error_response_slave_0.v,VERILOG,CONTAINS_INLINE_CONFIGURATION,design1_error_response_slave_0,true
altera_error_response_slave_1930/sim/altera_error_response_slave.sv,SYSTEM_VERILOG,,altera_error_response_slave,false
altera_error_response_slave_1930/sim/altera_error_response_slave_resp_logic.sv,SYSTEM_VERILOG,,altera_error_response_slave,false
altera_error_response_slave_1930/sim/altera_error_response_slave_reg_fifo.sv,SYSTEM_VERILOG,,altera_error_response_slave,false
#
# Map from instance-path to kind of module
instances:
instancePath,module
design1_error_response_slave_0.error_response_slave_0,altera_error_response_slave
